{"version":1,"vertices":[[0.22,0,0.0],[0.20673237657289986,0,0.07524443153164712],[0.20673237657289986,0.35,0.07524443153164712],[0.22,0.35,0.0],[0.15,0,0.0],[0.14095389311788625,0,0.051303021498850306],[0.14095389311788625,0.35,0.051303021498850306],[0.15,0.35,0.0],[0.20673237657289986,0,0.07524443153164712],[0.16852977748617518,0,0.14141327413103863],[0.16852977748617518,0.35,0.14141327413103863],[0.20673237657289986,0.35,0.07524443153164712],[0.14095389311788625,0,0.051303021498850306],[0.1149066664678467,0,0.09641814145298089],[0.1149066664678467,0.35,0.09641814145298089],[0.14095389311788625,0.35,0.051303021498850306],[0.16852977748617518,0,0.14141327413103863],[0.11000000000000003,0,0.1905255888325765],[0.11000000000000003,0.35,0.1905255888325765],[0.16852977748617518,0.35,0.14141327413103863],[0.1149066664678467,0,0.09641814145298089],[0.07500000000000001,0,0.12990381056766578],[0.07500000000000001,0.35,0.12990381056766578],[0.1149066664678467,0.35,0.09641814145298089],[0.11000000000000003,0,0.1905255888325765],[0.038202599086724694,0,0.21665770566268577],[0.038202599086724694,0.35,0.21665770566268577],[0.11000000000000003,0.35,0.1905255888325765],[0.07500000000000001,0,0.12990381056766578],[0.02604722665003956,0,0.1477211629518312],[0.02604722665003956,0.35,0.1477211629518312],[0.07500000000000001,0.35,0.12990381056766578],[0.038202599086724694,0,0.21665770566268577],[-0.038202599086724666,0,0.21665770566268577],[-0.038202599086724666,0.35,0.21665770566268577],[0.038202599086724694,0.35,0.21665770566268577],[0.02604722665003956,0,0.1477211629518312],[-0.026047226650039546,0,0.1477211629518312],[-0.026047226650039546,0.35,0.1477211629518312],[0.02604722665003956,0.35,0.1477211629518312],[-0.038202599086724666,0,0.21665770566268577],[-0.10999999999999995,0,0.1905255888325765],[-0.10999999999999995,0.35,0.1905255888325765],[-0.038202599086724666,0.35,0.21665770566268577],[-0.026047226650039546,0,0.1477211629518312],[-0.07499999999999997,0,0.1299038105676658],[-0.07499999999999997,0.35,0.1299038105676658],[-0.026047226650039546,0.35,0.1477211629518312],[-0.10999999999999995,0,0.1905255888325765],[-0.16852977748617515,0,0.14141327413103869],[-0.16852977748617515,0.35,0.14141327413103869],[-0.10999999999999995,0.35,0.1905255888325765],[-0.07499999999999997,0,0.1299038105676658],[-0.11490666646784668,0,0.09641814145298092],[-0.11490666646784668,0.35,0.09641814145298092],[-0.07499999999999997,0.35,0.1299038105676658],[-0.16852977748617515,0,0.14141327413103869],[-0.20673237657289983,0,0.07524443153164716],[-0.20673237657289983,0.35,0.07524443153164716],[-0.16852977748617515,0.35,0.14141327413103869],[-0.11490666646784668,0,0.09641814145298092],[-0.14095389311788625,0,0.05130302149885033],[-0.14095389311788625,0.35,0.05130302149885033],[-0.11490666646784668,0.35,0.09641814145298092],[-0.20673237657289983,0,0.07524443153164716],[-0.22,0,2.694222958124177e-17],[-0.22,0.35,2.694222958124177e-17],[-0.20673237657289983,0.35,0.07524443153164716],[-0.14095389311788625,0,0.05130302149885033],[-0.15,0,1.8369701987210297e-17],[-0.15,0.35,1.8369701987210297e-17],[-0.14095389311788625,0.35,0.05130302149885033],[-0.22,0,2.694222958124177e-17],[-0.20673237657289986,0,-0.0752444315316471],[-0.20673237657289986,0.35,-0.0752444315316471],[-0.22,0.35,2.694222958124177e-17],[-0.15,0,1.8369701987210297e-17],[-0.14095389311788625,0,-0.0513030214988503],[-0.14095389311788625,0.35,-0.0513030214988503],[-0.15,0.35,1.8369701987210297e-17]],"normals":[[0.9848077530122081,0.0,0.17364817766693016],[0.9848077530122081,0.0,0.17364817766693016],[0.9848077530122081,0.0,0.17364817766693016],[0.9848077530122081,0.0,0.17364817766693016],[-0.9848077530122081,0.0,-0.17364817766693036],[-0.9848077530122081,0.0,-0.17364817766693036],[-0.9848077530122081,0.0,-0.17364817766693036],[-0.9848077530122081,0.0,-0.17364817766693036],[0.8660254037844386,0.0,0.5000000000000003],[0.8660254037844386,0.0,0.5000000000000003],[0.8660254037844386,0.0,0.5000000000000003],[0.8660254037844386,0.0,0.5000000000000003],[-0.8660254037844386,0.0,-0.5000000000000001],[-0.8660254037844386,0.0,-0.5000000000000001],[-0.8660254037844386,0.0,-0.5000000000000001],[-0.8660254037844386,0.0,-0.5000000000000001],[0.6427876096865397,0.0,0.7660444431189779],[0.6427876096865397,0.0,0.7660444431189779],[0.6427876096865397,0.0,0.7660444431189779],[0.6427876096865397,0.0,0.7660444431189779],[-0.6427876096865395,0.0,-0.766044443118978],[-0.6427876096865395,0.0,-0.766044443118978],[-0.6427876096865395,0.0,-0.766044443118978],[-0.6427876096865395,0.0,-0.766044443118978],[0.3420201433256687,0.0,0.9396926207859084],[0.3420201433256687,0.0,0.9396926207859084],[0.3420201433256687,0.0,0.9396926207859084],[0.3420201433256687,0.0,0.9396926207859084],[-0.34202014332566855,0.0,-0.9396926207859085],[-0.34202014332566855,0.0,-0.9396926207859085],[-0.34202014332566855,0.0,-0.9396926207859085],[-0.34202014332566855,0.0,-0.9396926207859085],[0.0,0.0,1.0],[0.0,0.0,1.0],[0.0,0.0,1.0],[0.0,0.0,1.0],[0.0,0.0,-1.0],[0.0,0.0,-1.0],[0.0,0.0,-1.0],[0.0,0.0,-1.0],[-0.34202014332566893,0.0,0.9396926207859083],[-0.34202014332566893,0.0,0.9396926207859083],[-0.34202014332566893,0.0,0.9396926207859083],[-0.34202014332566893,0.0,0.9396926207859083],[0.34202014332566827,0.0,-0.9396926207859086],[0.34202014332566827,0.0,-0.9396926207859086],[0.34202014332566827,0.0,-0.9396926207859086],[0.34202014332566827,0.0,-0.9396926207859086],[-0.6427876096865389,0.0,0.7660444431189785],[-0.6427876096865389,0.0,0.7660444431189785],[-0.6427876096865389,0.0,0.7660444431189785],[-0.6427876096865389,0.0,0.7660444431189785],[0.6427876096865393,0.0,-0.7660444431189781],[0.6427876096865393,0.0,-0.7660444431189781],[0.6427876096865393,0.0,-0.7660444431189781],[0.6427876096865393,0.0,-0.7660444431189781],[-0.8660254037844386,0.0,0.5000000000000002],[-0.8660254037844386,0.0,0.5000000000000002],[-0.8660254037844386,0.0,0.5000000000000002],[-0.8660254037844386,0.0,0.5000000000000002],[0.8660254037844385,0.0,-0.5000000000000003],[0.8660254037844385,0.0,-0.5000000000000003],[0.8660254037844385,0.0,-0.5000000000000003],[0.8660254037844385,0.0,-0.5000000000000003],[-0.984807753012208,0.0,0.17364817766693047],[-0.984807753012208,0.0,0.17364817766693047],[-0.984807753012208,0.0,0.17364817766693047],[-0.984807753012208,0.0,0.17364817766693047],[0.9848077530122081,0.0,-0.17364817766693033],[0.9848077530122081,0.0,-0.17364817766693033],[0.9848077530122081,0.0,-0.17364817766693033],[0.9848077530122081,0.0,-0.17364817766693033],[-0.9848077530122081,0.0,-0.17364817766693014],[-0.9848077530122081,0.0,-0.17364817766693014],[-0.9848077530122081,0.0,-0.17364817766693014],[-0.9848077530122081,0.0,-0.17364817766693014],[0.9848077530122081,0.0,0.17364817766693033],[0.9848077530122081,0.0,0.17364817766693033],[0.9848077530122081,0.0,0.17364817766693033],[0.9848077530122081,0.0,0.17364817766693033]],