{"version":1,"vertices":[[0.22,0,0.0],[0.20673237657289986,0,0.07524443153164712],[0.20673237657289986,0.35,0.07524443153164712],[0.22,0.35,0.0],[0.15,0,0.0],[0.14095389311788625,0,0.051303021498850306],[0.14095389311788625,0.35,0.051303021498850306],[0.15,0.35,0.0],[0.20673237657289986,0,0.07524443153164712],[0.16852977748617518,0,0.14141327413103863],[0.16852977748617518,0.35,0.14141327413103863],[0.20673237657289986,0.35,0.07524443153164712],[0.14095389311788625,0,0.051303021498850306],[0.1149066664678467,0,0.09641814145298089],[0.1149066664678467,0.35,0.09641814145298089],[0.14095389311788625,0.35,0.051303021498850306],[0.16852977748617518,0,0.14141327413103863],[0.11000000000000003,0,0.1905255888325765],[0.11000000000000003,0.35,0.1905255888325765],[0.16852977748617518,0.35,0.14141327413103863],[0.1149066664678467,0,0.09641814145298089],[0.07500000000000001,0,0.12990381056766578],[0.07500000000000001,0.35,0.12990381056766578],[0.1149066664678467,0.35,0.09641814145298089],[0.11000000000000003,0,0.1905255888325765],[0.038202599086724694,0,0.21665770566268577],[0.038202599086724694,0.35,0.21665770566268577],[0.11000000000000003,0.35,0.1905255888325765],[0.07500000000000001,0,0.12990381056766578],[0.02604722665003956,0,0.1477211629518312],[0.02604722665003956,0.35,0.1477211629518312],[0.07500000000000001,0.35,0.12990381056766578],[0.038202599086724694,0,0.21665770566268577],[-0.038202599086724666,0,0.21665770566268577],[-0.038202599086724666,0.35,0.21665770566268577],[0.038202599086724694,0.35,0.21665770566268577],[0.02604722665003956,0,0.1477211629518312],[-0.026047226650039546,0,0.1477211629518312],[-0.026047226650039546,0.35,0.1477211629518312],[0.02604722665003956,0.35,0.1477211629518312],[-0.038202599086724666,0,0.21665770566268577],[-0.10999999999999995,0,0.1905255888325765],[-0.10999999999999995,0.35,0.1905255888325765],[-0.038202599086724666,0.35,0.21665770566268577],[-0.026047226650039546,0,0.1477211629518312],[-0.07499999999999997,0,0.1299038105676658],[-0.07499999999999997,0.35,0.1299038105676658],[-0.026047226650039546,0.35,0.1477211629518312],[-0.10999999999999995,0,0.1905255888325765],[-0.16852977748617515,0,0.14141327413103869],[-0.16852977748617515,0.35,0.14141327413103869],[-0.10999999999999995,0.35,0.1905255888325765],[-0.07499999999999997,0,0.1299038105676658],[-0.11490666646784668,0,0.09641814145298092],[-0.11490666646784668,0.35,0.09641814145298092],[-0.07499999999999997,0.35,0.1299038105676658],[-0.16852977748617515,0,0.14141327413103869],[-0.20673237657289983,0,0.07524443153164716],[-0.20673237657289983,0.35,0.07524443153164716],[-0.16852977748617515,0.35,0.14141327413103869],[-0.11490666646784668,0,0.09641814145298092],[-0.14095389311788625,0,0.05130302149885033],[-0.14095389311788625,0.35,0.05130302149885033],[-0.11490666646784668,0.35,0.09641814145298092],[-0.20673237657289983,0,0.07524443153164716],[-0.22,0,2.694222958124177e-17],[-0.22,0.35,2.694222958124177e-17],[-0.20673237657289983,0.35,0.07524443153164716],[-0.14095389311788625,0,0.05130302149885033],[-0.15,0,1.8369701987210297e-17],[-0.15,0.35,1.8369701987210297e-17],[-0.14095389311788625,0.35,0.05130302149885033],[-0.22,0,2.694222958124177e-17],[-0.20673237657289986,0,-0.0752444315316471],[-0.20673237657289986,0.35,-0.0752444315316471],[-0.22,0.35,2.694222958124177e-17],[-0.15,0,1.8369701987210297e-17],[-0.14095389311788625,0,-0.0513030214988503],[-0.14095389311788625,0.35,-0.0513030214988503],[-0.15,0.35,1.8369701987210297e-17]],"normals":[[0.0,1.0,0.0],[0.0,1.0,0.0],[0.0,1.0,0.0],[0.0,1.0,0.0],[0.0,1.0,0.0],[0.0,1.0,0.0],[0.0,1.0,0.0],[0.0,1.0,0.0],[0.0,1.0,0.0],[0.0,1.0,0.0],[0.0,1.0,0.0],[0.0,1.0,0.0],[0.0,1.0,0.0],[0.0,1.0,0.0],[0.0,1.0,0.0],[0.0,1.0,0.0],[0.0,1.0,0.0],[0.0,1.0,0.0],[0.0,1.0,0.0],[0.0,1.0,0.0],[0.0,1.0,0.0],[0.0,1.0,0.0],[0.0,1.0,0.0],[0.0,1.0,0.0],[0.0,1.0,0.0],[0.0,1.0,0.0],[0.0,1.0,0.0],[0.0,1.0,0.0],[0.0,1.0,0.0],[0.0,1.0,0.0],[0.0,1.0,0.0],[0.0,1.0,0.0],[0.0,1.0,0.0],[0.0,1.0,0.0],[0.0,1.0,0.0],[0.0,1.0,0.0],[0.0,1.0,0.0],[0.0,1.0,0.0],[0.0,1.0,0.0],[0.0,1.0,0.0],[0.0,1.0,0.0],[0.0,1.0,0.0],[0.0,1.0,0.0],[0.0,1.0,0.0],[0.0,1.0,0.0],[0.0,1.0,0.0],[0.0,1.0,0.0],[0.0,1.0,0.0],[0.0,1.0,0.0],[0.0,1.0,0.0],[0.0,1.0,0.0],[0.0,1.0,0.0],[0.0,1.0,0.0],[0.0,1.0,0.0],[0.0,1.0,0.0],[0.0,1.0,0.0],[0.0,1.0,0.0],[0.0,1.0,0.0],[0.0,1.0,0.0],[0.0,1.0,0.0],[0.0,1.0,0.0],[0.0,1.0,0.0],[0.0,1.0,0.0],[0.0,1.0,0.0],[0.0,1.0,0.0],[0.0,1.0,0.0],[0.0,1.0,0.0],[0.0,1.0,0.0],[0.0,1.0,0.0],[0.0,1.0,0.0],[0.0,1.0,0.0],[0.0,1.0,0.0],[0.0,1.0,0.0],[0.0,1.0,0.0],[0.0,1.0,0.0],[0.0,1.0,0.0],[0.0,1.0,0.0],[0.0,1.0,0.0],[0.0,1.0,0.0],[0.0,1.0,0.0]],"uvs":[[0.0,0.0],[0.0,0.0],[0.0,0.0],[0.0,0.0],[0.0,0.0],[0.0,0.0],[0.0,0.0],[0.0,0.0],[0.0,0.0],[0.0,0.0],[0.0,0.0],[0.0,0.0],[0.0,0.0],[0.0,0.0],[0.0,0.0],[0.0,0.0],[0.0,0.0],[0.0,0.0],[0.0,0.0],[0.0,0.0],[0.0,0.0],[0.0,0.0],[0.0,0.0],[0.0,0.0],[0.0,0.0],[0.0,0.0],[0.0,0.0],[0.0,0.0],[0.0,0.0],[0.0,0.0],[0.0,0.0],[0.0,0.0],[0.0,0.0],[0.0,0.0],[0.0,0.0],[0.0,0.0],[0.0,0.0],[0.0,0.0],[0.0,0.0],[0.0,0.0],[0.0,0.0],[0.0,0.0],[0.0,0.0],[0.0,0.0],[0.0,0.0],[0.0,0.0],[0.0,0.0],[0.0,0.0],[0.0,0.0],[0.0,0.0],[0.0,0.0],[0.0,0.0],[0.0,0.0],[0.0,0.0],[0.0,0.0],[0.0,0.0],[0.0,0.0],[0.0,0.0],[0.0,0.0],[0.0,0.0],[0.0,0.0],[0.0,0.0],[0.0,0.0],[0.0,0.0],[0.0,0.0],[0.0,0.0],[0.0,0.0],[0.0,0.0],[0.0,0.0],[0.0,0.0],[0.0,0.0],[0.0,0.0],[0.0,0.0],[0.0,0.0],[0.0,0.0],[0.0,0.0],[0.0,0.0],[0.0,0.0],[0.0,0.0],[0.0,0.0]],"indices":[0,2,1,0,3,2,5,6,4,4,6,7,8,10,9,8,11,10,13,14,12,12,14,15,16,18,17,16,19,18,21,22,20,20,22,23,24,26,25,24,27,26,29,30,28,28,30,31,32,34,33,32,35,34,37,38,36,36,38,39,40,42,41,40,43,42,45,46,44,44,46,47,48,50,49,48,51,50,53,54,52,52,54,55,56,58,57,56,59,58,61,62,60,60,62,63,64,66,65,64,67,66,69,70,68,68,70,71,72,74,73,72,75,74,77,78,76,76,78,79],"aabb":[-0.22,0,-0.0752444315316471,0.22,0.35,0.21665770566268577]}