{"version":1,"vertices":[[-0.15,0.0,-0.1],[0.15,0.0,-0.1],[0.15,0.38,-0.1],[-0.15,0.38,-0.1],[-0.15,0.0,0.1],[0.15,0.0,0.1],[0.15,0.38,0.1],[-0.15,0.38,0.1],[-0.08,0.38,-0.08],[0.08,0.38,-0.08],[0.08,0.57,-0.08],[-0.08,0.57,-0.08],[-0.08,0.38,0.08],[0.08,0.38,0.08],[0.08,0.57,0.08],[-0.08,0.57,0.08],[-0.3,0.08,-0.05],[-0.15,0.08,-0.05],[-0.15,0.32,-0.05],[-0.3,0.32,-0.05],[-0.3,0.08,0.05],[-0.15,0.08,0.05],[-0.15,0.32,0.05],[-0.3,0.32,0.05],[0.15,0.08,-0.05],[0.28,0.08,-0.08],[0.28,0.32,-0.08],[0.15,0.32,-0.05],[0.15,0.08,0.05],[0.28,0.08,0.02],[0.28,0.32,0.02],[0.15,0.32,0.05],[-0.1,-0.35,-0.06],[-0.05,-0.35,-0.06],[-0.05,0.0,-0.06],[-0.1,0.0,-0.06],[-0.1,-0.35,0.06],[-0.05,-0.35,0.06],[-0.05,0.0,0.06],[-0.1,0.0,0.06],[0.05,-0.35,-0.06],[0.1,-0.35,-0.06],[0.1,0.0,-0.06],[0.05,0.0,-0.06],[0.05,-0.35,0.06],[0.1,-0.35,0.06],[0.1,0.0,0.06],[0.05,0.0,0.06]],"normals":[[0.4082482904638631,0.4082482904638631,0.8164965809277261],[-0.6666666666666666,0.6666666666666666,0.3333333333333333],[-0.4082482904638631,-0.4082482904638631,0.8164965809277261],[0.6666666666666666,-0.6666666666666666,0.3333333333333333],[0.6666666666666666,0.6666666666666666,-0.3333333333333333],[-0.4082482904638631,0.4082482904638631,-0.8164965809277261],[-0.6666666666666666,-0.6666666666666666,-0.3333333333333333],[0.4082482904638631,-0.4082482904638631,-0.8164965809277261],[0.4082482904638631,0.4082482904638631,0.8164965809277261],[-0.6666666666666666,0.6666666666666666,0.3333333333333333],[-0.4082482904638631,-0.4082482904638631,0.8164965809277261],[0.6666666666666666,-0.6666666666666666,0.3333333333333333],[0.6666666666666666,0.6666666666666666,-0.3333333333333333],[-0.4082482904638631,0.4082482904638631,-0.8164965809277261],[-0.6666666666666666,-0.6666666666666666,-0.3333333333333333],[0.4082482904638631,-0.4082482904638631,-0.8164965809277261],[0.4082482904638631,0.4082482904638631,0.8164965809277261],[-0.6666666666666666,0.6666666666666666,0.3333333333333333],[-0.4082482904638631,-0.4082482904638631,0.8164965809277261],[0.6666666666666666,-0.6666666666666666,0.3333333333333333],[0.6666666666666666,0.6666666666666666,-0.3333333333333333],[-0.4082482904638631,0.4082482904638631,-0.8164965809277261],[-0.6666666666666666,-0.6666666666666666,-0.3333333333333333],[0.4082482904638631,-0.4082482904638631,-0.8164965809277261],[0.5519210724297844,0.3807089976259048,0.7419189908168112],[-0.6236991561724504,0.7027039927555848,0.34235429186024885],[-0.24365509257443954,-0.44278304812747094,0.8628878073964696],[0.7071268389566865,-0.6356597680236624,0.3096906407097706],[0.6236991561724504,0.7027039927555848,-0.34235429186024885],[-0.5519210724297844,0.3807089976259048,-0.7419189908168112],[-0.7071268389566865,-0.6356597680236624,-0.3096906407097706],[0.24365509257443949,-0.44278304812747094,-0.8628878073964696],[0.4082482904638631,0.4082482904638631,0.8164965809277261],[-0.6666666666666666,0.6666666666666666,0.3333333333333333],[-0.4082482904638631,-0.4082482904638631,0.8164965809277261],[0.6666666666666666,-0.6666666666666666,0.3333333333333333],[0.6666666666666666,0.6666666666666666,-0.3333333333333333],[-0.4082482904638631,0.4082482904638631,-0.8164965809277261],[-0.6666666666666666,-0.6666666666666666,-0.3333333333333333],[0.4082482904638631,-0.4082482904638631,-0.8164965809277261],[0.4082482904638631,0.4082482904638631,0.8164965809277261],[-0.6666666666666666,0.6666666666666666,0.3333333333333333],[-0.4082482904638631,-0.4082482904638631,0.8164965809277261],[0.6666666666666666,-0.6666666666666666,0.3333333333333333],[0.6666666666666666,0.6666666666666666,-0.3333333333333333],[-0.4082482904638631,0.4082482904638631,-0.8164965809277261],[-0.6666666666666666,-0.6666666666666666,-0.3333333333333333],[0.4082482904638631,-0.4082482904638631,-0.8164965809277261]],"uvs":[],"indices":[0,1,2,0,2,3,5,4,7,5,7,6,4,0,3,4,3,7,1,5,6,1,6,2,3,2,6,3,6,7,4,5,1,4,1,0,8,9,10,8,10,11,13,12,15,13,15,14,12,8,11,12,11,15,9,13,14,9,14,10,11,10,14,11,14,15,12,13,9,12,9,8,16,17,18,16,18,19,21,20,23,21,23,22,20,16,19,20,19,23,17,21,22,17,22,18,19,18,22,19,22,23,20,21,17,20,17,16,24,25,26,24,26,27,29,28,31,29,31,30,28,24,27,28,27,31,25,29,30,25,30,26,27,26,30,27,30,31,28,29,25,28,25,24,32,33,34,32,34,35,37,36,39,37,39,38,36,32,35,36,35,39,33,37,38,33,38,34,35,34,38,35,38,39,36,37,33,36,33,32,40,41,42,40,42,43,45,44,47,45,47,46,44,40,43,44,43,47,41,45,46,41,46,42,43,42,46,43,46,47,44,45,41,44,41,40],"aabb":[-0.3,-0.35,-0.1,0.28,0.57,0.1]}