{"version":1,"vertices":[[-0.22,0.0,-0.28],[0.22,0.0,-0.28],[0.22,0.0,0.28],[-0.22,0.0,0.28],[-0.22,0.42,-0.28],[0.22,0.42,-0.28],[0.22,0.42,0.28],[-0.22,0.42,0.28],[-0.26,0.42,-0.32],[0.26,0.42,-0.32],[0.26,0.42,0.32],[-0.26,0.42,0.32],[0.0,0.64,0.0]],"normals":[[0.3333333333333333,-0.6666666666666666,0.6666666666666666],[-0.8164965809277261,-0.4082482904638631,0.4082482904638631],[-0.3333333333333333,-0.6666666666666666,-0.6666666666666666],[0.8164965809277261,-0.4082482904638631,-0.4082482904638631],[0.5345224838248488,0.8017837257372732,0.2672612419124244],[-0.2672612419124244,0.8017837257372732,0.5345224838248488],[-0.5345224838248488,0.8017837257372732,-0.2672612419124244],[0.2672612419124244,0.8017837257372732,-0.5345224838248488],[0.3906877104695351,0.8543711856107828,0.3426557895120086],[-0.3906877104695351,0.8543711856107828,0.3426557895120086],[-0.3906877104695351,0.8543711856107828,-0.3426557895120086],[0.3906877104695351,0.8543711856107828,-0.3426557895120086],[0.0,-1.0,0.0]],"uvs":[[0.28,0.21999999999999997],[0.72,0.21999999999999997],[0.72,0.78],[0.28,0.78],[0.28,0.21999999999999997],[0.72,0.21999999999999997],[0.72,0.78],[0.28,0.78],[0.24,0.18],[0.76,0.18],[0.76,0.8200000000000001],[0.24,0.8200000000000001],[0.5,0.5]],"indices":[0,1,2,0,2,3,0,1,5,0,5,4,1,2,6,1,6,5,2,3,7,2,7,6,3,0,4,3,4,7,8,9,12,9,10,12,10,11,12,11,8,12,4,5,9,4,9,8,5,6,10,5,10,9,6,7,11,6,11,10,7,4,8,7,8,11],"aabb":[-0.26,0.0,-0.32,0.26,0.64,0.32],"material":{"diffuse":[0.45,0.35,0.28],"roughness":0.85,"metallic":0.05}}