{"version":1,"vertices":[[-0.175,0,-0.225],[0.175,0,-0.225],[0.175,0,0.225],[-0.175,0,0.225],[-0.175,0.3,-0.225],[0.175,0.3,-0.225],[0.175,0.3,0.225],[-0.175,0.3,0.225],[-0.175,0.3,-0.225],[0.175,0.3,-0.225],[0.175,0.3,0.225],[-0.175,0.3,0.225],[0,0.44999999999999996,-0.225],[0,0.44999999999999996,0.225]],"normals":[[-0.3333333333333333,-0.6666666666666666,-0.6666666666666666],[0.8164965809277261,-0.4082482904638631,-0.4082482904638631],[0.3333333333333333,-0.6666666666666666,0.6666666666666666],[-0.8164965809277261,-0.4082482904638631,0.4082482904638631],[-0.6666666666666666,0.6666666666666666,-0.3333333333333333],[0.4082482904638631,0.4082482904638631,-0.8164965809277261],[0.6666666666666666,0.6666666666666666,0.3333333333333333],[-0.4082482904638631,0.4082482904638631,0.8164965809277261],[0.4601789933084222,-0.5368754921931593,0.7071067811865475],[-0.5820855000871991,-0.6790997501017324,0.4472135954999579],[-0.4601789933084222,-0.5368754921931593,-0.7071067811865475],[0.5820855000871991,-0.6790997501017324,-0.4472135954999579],[0.2530947243657587,-0.8858315352801553,0.3889030105327336],[-0.2530947243657587,-0.8858315352801553,-0.3889030105327336]],"uvs":[[0.0,0.0],[1.0,0.0],[1.0,1.0],[0.0,1.0],[0.0,0.0],[1.0,0.0],[1.0,1.0],[0.0,1.0],[0.0,0.0],[1.0,0.0],[1.0,1.0],[0.0,1.0],[0.5,0.0],[0.5,1.0]],"indices":[0,1,2,0,2,3,4,6,5,4,7,6,0,5,1,0,4,5,1,6,2,1,5,6,2,7,3,2,6,7,3,4,0,3,7,4,8,9,12,10,11,13,11,8,12,13,11,12,9,10,13,12,9,13],"aabb":[-0.175,0,-0.225,0.175,0.44999999999999996,0.225],"material":{"diffuse":[0.48,0.32,0.22],"roughness":0.65,"metallic":0.2}}