{"version":1,"vertices":[[-0.2,0.0,-0.2],[0.2,0.0,-0.2],[0.2,0.0,0.2],[-0.2,0.0,0.2],[-0.2,0.35,-0.2],[0.2,0.35,-0.2],[0.2,0.35,0.2],[-0.2,0.35,0.2],[-0.225,0.35,-0.225],[0.225,0.35,-0.225],[-0.225,0.35,0.225],[0.225,0.35,0.225],[-0.225,0.5,0.0],[0.225,0.5,0.0],[0.02,0.35,-0.18],[0.18,0.35,-0.18],[0.18,0.35,-0.02],[0.02,0.35,-0.02],[0.02,0.75,-0.18],[0.18,0.75,-0.18],[0.18,0.75,-0.02],[0.02,0.75,-0.02],[0.14,0.0,0.125],[0.22,0.0,0.125],[0.22,0.0,0.175],[0.14,0.0,0.175],[0.14,0.06,0.125],[0.22,0.06,0.125],[0.22,0.06,0.175],[0.14,0.06,0.175]],"normals":[[-0.3333333333333333,-0.6666666666666666,-0.6666666666666666],[0.8164965809277261,-0.4082482904638631,-0.4082482904638631],[0.3333333333333333,-0.6666666666666666,0.6666666666666666],[-0.8164965809277261,-0.4082482904638631,0.4082482904638631],[-0.6666666666666666,0.6666666666666666,-0.3333333333333333],[0.4082482904638631,0.4082482904638631,-0.8164965809277261],[0.6666666666666666,0.6666666666666666,0.3333333333333333],[-0.4082482904638631,0.4082482904638631,0.8164965809277261],[0.6532184962146511,0.21941570834465415,0.7246808560564323],[-0.8651932464704478,0.14530895108559724,0.47992286358990055],[0.6117840116160577,-0.4062861222565974,-0.6787134225817703],[-0.6117840116160577,0.7145329562957878,-0.3393567112908851],[0.5150787536377127,-0.8571428571428571,0.0],[-0.2877543184223317,-0.9577042613611466,0.0],[-0.3333333333333333,-0.6666666666666666,-0.6666666666666666],[0.8164965809277261,-0.4082482904638631,-0.4082482904638631],[0.3333333333333333,-0.6666666666666666,0.6666666666666666],[-0.8164965809277261,-0.4082482904638631,0.4082482904638631],[-0.6666666666666666,0.6666666666666666,-0.3333333333333333],[0.4082482904638631,0.4082482904638631,-0.8164965809277261],[0.6666666666666666,0.6666666666666666,0.3333333333333333],[-0.4082482904638631,0.4082482904638631,0.8164965809277261],[-0.3333333333333333,-0.6666666666666666,-0.6666666666666666],[0.8164965809277261,-0.4082482904638631,-0.4082482904638631],[0.3333333333333333,-0.6666666666666666,0.6666666666666666],[-0.8164965809277261,-0.4082482904638631,0.4082482904638631],[-0.6666666666666666,0.6666666666666666,-0.3333333333333333],[0.4082482904638631,0.4082482904638631,-0.8164965809277261],[0.6666666666666666,0.6666666666666666,0.3333333333333333],[-0.4082482904638631,0.4082482904638631,0.8164965809277261]],"uvs":[[0.05555555555555554,0.05555555555555554],[0.9444444444444445,0.05555555555555554],[0.9444444444444445,0.9444444444444445],[0.05555555555555554,0.9444444444444445],[0.05555555555555554,0.05555555555555554],[0.9444444444444445,0.05555555555555554],[0.9444444444444445,0.9444444444444445],[0.05555555555555554,0.9444444444444445],[0.0,0.0],[1.0,0.0],[0.0,1.0],[1.0,1.0],[0.0,0.5],[1.0,0.5],[0.5444444444444444,0.10000000000000002],[0.9,0.10000000000000002],[0.9,0.4555555555555556],[0.5444444444444444,0.4555555555555556],[0.5444444444444444,0.10000000000000002],[0.9,0.10000000000000002],[0.9,0.4555555555555556],[0.5444444444444444,0.4555555555555556],[0.8111111111111111,0.7777777777777777],[0.9888888888888889,0.7777777777777777],[0.9888888888888889,0.888888888888889],[0.8111111111111111,0.888888888888889],[0.8111111111111111,0.7777777777777777],[0.9888888888888889,0.7777777777777777],[0.9888888888888889,0.888888888888889],[0.8111111111111111,0.888888888888889]],"indices":[0,1,2,0,2,3,4,6,5,4,7,6,0,5,1,0,4,5,1,6,2,1,5,6,2,7,3,2,6,7,3,4,0,3,7,4,8,9,13,8,13,12,9,11,13,11,10,13,13,10,12,10,8,12,8,10,11,8,11,9,14,15,16,14,16,17,18,20,19,18,21,20,14,19,15,14,18,19,15,20,16,15,19,20,16,21,17,16,20,21,17,18,14,17,21,18,22,23,24,22,24,25,26,28,27,26,29,28,22,27,23,22,26,27,23,28,24,23,27,28,24,29,25,24,28,29,25,26,22,25,29,26],"aabb":[-0.225,0.0,-0.225,0.225,0.75,0.225],"material":{"diffuse":[0.55,0.5,0.45],"roughness":0.7,"metallic":0.05}}