{"version":1,"vertices":[[-0.2,0.0,0.0],[0.2,0.0,0.0],[0.15,0.0,0.08],[-0.15,0.0,0.08],[-0.22,0.04,0.0],[0.22,0.04,0.0],[0.17,0.04,0.08],[-0.17,0.04,0.08],[0.015,0.05,0.04],[0.0046,0.05,0.0543],[-0.0121,0.05,0.0488],[-0.0121,0.05,0.0312],[0.0046,0.05,0.0257],[0.015,0.35,0.04],[0.0046,0.35,0.0543],[-0.0121,0.35,0.0488],[-0.0121,0.35,0.0312],[0.0046,0.35,0.0257],[0.02,0.15,-0.02],[0.02,0.3,-0.02],[-0.12,0.22,-0.02]],"normals":[[0.26607424713953154,0.8146495512019022,0.5153160231699292],[-0.6592616888265171,0.7518447236188023,0.010175323688970438],[-0.22070412270373171,0.6757381311492274,-0.7033261464871938],[0.5062454122058603,0.5773396945008284,-0.640620371026561],[0.894341974497539,0.4471709872487695,0.013803652226999197],[-0.4471709872487696,0.22358549362438465,0.8660529055454412],[-0.5922113055359988,0.2961056527679995,-0.7494045716395016],[0.29610565276799944,0.14805282638399983,-0.9436110443390042],[-0.6216464322492135,-0.7686641468271167,-0.15070216539374873],[-0.06813370024925632,-0.3720923321152357,-0.9256916847802997],[0.722357334608407,-0.6246568730587699,-0.29665412870526164],[0.5077293596286591,-0.6246568730587698,0.5933082574105233],[-0.485453593635804,-0.3720923321152357,0.7911271103982778],[-0.6216464322492135,0.7686641468271167,0.15070216539374873],[-0.485453593635804,0.3720923321152357,-0.7911271103982778],[0.5077293596286591,0.6246568730587698,-0.5933082574105233],[0.722357334608407,0.6246568730587699,0.29665412870526164],[-0.06813370024925633,0.37209233211523574,0.9256916847802997],[0,1,0],[0,1,0],[0,1,0]],"uvs":[[0.0,0.0],[0.0,0.0],[0.0,0.0],[0.0,0.0],[0.0,0.0],[0.0,0.0],[0.0,0.0],[0.0,0.0],[0.0,0.0],[0.0,0.0],[0.0,0.0],[0.0,0.0],[0.0,0.0],[0.0,0.0],[0.0,0.0],[0.0,0.0],[0.0,0.0],[0.0,0.0],[0.0,0.0],[0.0,0.0],[0.0,0.0]],"indices":[0,1,5,0,5,4,1,2,6,1,6,5,2,3,7,2,7,6,3,0,4,3,4,7,0,2,1,0,3,2,8,9,10,8,10,11,8,11,12,13,15,14,13,16,15,13,17,16,8,9,14,8,14,13,9,10,15,9,15,14,10,11,16,10,16,15,11,12,17,11,17,16,12,8,13,12,13,17,18,19,20,18,20,19],"aabb":[-0.22,0.0,-0.02,0.22,0.35,0.08]}