{"version":1,"vertices":[[-0.5,0.06,-0.15],[0.5,0.06,-0.15],[0.5,0.06,0.15],[-0.5,0.06,0.15],[-0.48,0.06,-0.18],[-0.48,0.18,-0.18],[0.48,0.06,-0.18],[0.48,0.18,-0.18],[-0.48,0.06,0.18],[-0.48,0.18,0.18],[0.48,0.06,0.18],[0.48,0.18,0.18],[-0.42,0.045,-0.2],[-0.38,0.045,-0.2],[-0.38,0.045,-0.16],[-0.42,0.045,-0.16],[-0.42,0.195,-0.2],[-0.38,0.195,-0.2],[-0.38,0.195,-0.16],[-0.42,0.195,-0.16],[-0.42,0.045,0.16],[-0.38,0.045,0.16],[-0.38,0.045,0.2],[-0.42,0.045,0.2],[-0.42,0.195,0.16],[-0.38,0.195,0.16],[-0.38,0.195,0.2],[-0.42,0.195,0.2],[-0.22,0.045,-0.2],[-0.18,0.045,-0.2],[-0.18,0.045,-0.16],[-0.22,0.045,-0.16],[-0.22,0.195,-0.2],[-0.18,0.195,-0.2],[-0.18,0.195,-0.16],[-0.22,0.195,-0.16],[-0.22,0.045,0.16],[-0.18,0.045,0.16],[-0.18,0.045,0.2],[-0.22,0.045,0.2],[-0.22,0.195,0.16],[-0.18,0.195,0.16],[-0.18,0.195,0.2],[-0.22,0.195,0.2],[-0.02,0.045,-0.2],[0.02,0.045,-0.2],[0.02,0.045,-0.16],[-0.02,0.045,-0.16],[-0.02,0.195,-0.2],[0.02,0.195,-0.2],[0.02,0.195,-0.16],[-0.02,0.195,-0.16],[-0.02,0.045,0.16],[0.02,0.045,0.16],[0.02,0.045,0.2],[-0.02,0.045,0.2],[-0.02,0.195,0.16],[0.02,0.195,0.16],[0.02,0.195,0.2],[-0.02,0.195,0.2],[0.18,0.045,-0.2],[0.22,0.045,-0.2],[0.22,0.045,-0.16],[0.18,0.045,-0.16],[0.18,0.195,-0.2],[0.22,0.195,-0.2],[0.22,0.195,-0.16],[0.18,0.195,-0.16],[0.18,0.045,0.16],[0.22,0.045,0.16],[0.22,0.045,0.2],[0.18,0.045,0.2],[0.18,0.195,0.16],[0.22,0.195,0.16],[0.22,0.195,0.2],[0.18,0.195,0.2],[0.38,0.045,-0.2],[0.42,0.045,-0.2],[0.42,0.045,-0.16],[0.38,0.045,-0.16],[0.38,0.195,-0.2],[0.42,0.195,-0.2],[0.42,0.195,-0.16],[0.38,0.195,-0.16],[0.38,0.045,0.16],[0.42,0.045,0.16],[0.42,0.045,0.2],[0.38,0.045,0.2],[0.38,0.195,0.16],[0.42,0.195,0.16],[0.42,0.195,0.2],[0.38,0.195,0.2]],"normals":[[0,1,0],[0,1,0],[0,1,0],[0,1,0],[0.0,0.0,-1.0],[0.0,0.0,1.0],[0.0,0.0,1.0],[0.0,0.0,-1.0],[0.0,0.0,1.0],[0.0,0.0,-1.0],[0.0,0.0,-1.0],[0.0,0.0,1.0],[-0.3333333333333333,-0.6666666666666666,-0.6666666666666666],[0.8164965809277261,-0.4082482904638631,-0.4082482904638631],[0.3333333333333333,-0.6666666666666666,0.6666666666666666],[-0.8164965809277261,-0.4082482904638631,0.4082482904638631],[-0.6666666666666666,0.6666666666666666,-0.3333333333333333],[0.4082482904638631,0.4082482904638631,-0.8164965809277261],[0.6666666666666666,0.6666666666666666,0.3333333333333333],[-0.4082482904638631,0.4082482904638631,0.8164965809277261],[-0.3333333333333333,-0.6666666666666666,-0.6666666666666666],[0.8164965809277261,-0.4082482904638631,-0.4082482904638631],[0.3333333333333333,-0.6666666666666666,0.6666666666666666],[-0.8164965809277261,-0.4082482904638631,0.4082482904638631],[-0.6666666666666666,0.6666666666666666,-0.3333333333333333],[0.4082482904638631,0.4082482904638631,-0.8164965809277261],[0.6666666666666666,0.6666666666666666,0.3333333333333333],[-0.4082482904638631,0.4082482904638631,0.8164965809277261],[-0.3333333333333333,-0.6666666666666666,-0.6666666666666666],[0.8164965809277261,-0.4082482904638631,-0.4082482904638631],[0.3333333333333333,-0.6666666666666666,0.6666666666666666],[-0.8164965809277261,-0.4082482904638631,0.4082482904638631],[-0.6666666666666666,0.6666666666666666,-0.3333333333333333],[0.4082482904638631,0.4082482904638631,-0.8164965809277261],[0.6666666666666666,0.6666666666666666,0.3333333333333333],[-0.4082482904638631,0.4082482904638631,0.8164965809277261],[-0.3333333333333333,-0.6666666666666666,-0.6666666666666666],[0.8164965809277261,-0.4082482904638631,-0.4082482904638631],[0.3333333333333333,-0.6666666666666666,0.6666666666666666],[-0.8164965809277261,-0.4082482904638631,0.4082482904638631],[-0.6666666666666666,0.6666666666666666,-0.3333333333333333],[0.4082482904638631,0.4082482904638631,-0.8164965809277261],[0.6666666666666666,0.6666666666666666,0.3333333333333333],[-0.4082482904638631,0.4082482904638631,0.8164965809277261],[-0.3333333333333333,-0.6666666666666666,-0.6666666666666666],[0.8164965809277261,-0.4082482904638631,-0.4082482904638631],[0.3333333333333333,-0.6666666666666666,0.6666666666666666],[-0.8164965809277261,-0.4082482904638631,0.4082482904638631],[-0.6666666666666666,0.6666666666666666,-0.3333333333333333],[0.4082482904638631,0.4082482904638631,-0.8164965809277261],[0.6666666666666666,0.6666666666666666,0.3333333333333333],[-0.4082482904638631,0.4082482904638631,0.8164965809277261],[-0.3333333333333333,-0.6666666666666666,-0.6666666666666666],[0.8164965809277261,-0.4082482904638631,-0.4082482904638631],[0.3333333333333333,-0.6666666666666666,0.6666666666666666],[-0.8164965809277261,-0.4082482904638631,0.4082482904638631],[-0.6666666666666666,0.6666666666666666,-0.3333333333333333],[0.4082482904638631,0.4082482904638631,-0.8164965809277261],[0.6666666666666666,0.6666666666666666,0.3333333333333333],[-0.4082482904638631,0.4082482904638631,0.8164965809277261],[-0.3333333333333333,-0.6666666666666666,-0.6666666666666666],[0.8164965809277261,-0.4082482904638631,-0.4082482904638631],[0.3333333333333333,-0.6666666666666666,0.6666666666666666],[-0.8164965809277261,-0.4082482904638631,0.4082482904638631],[-0.6666666666666666,0.6666666666666666,-0.3333333333333333],[0.4082482904638631,0.4082482904638631,-0.8164965809277261],[0.6666666666666666,0.6666666666666666,0.3333333333333333],[-0.4082482904638631,0.4082482904638631,0.8164965809277261],[-0.3333333333333333,-0.6666666666666666,-0.6666666666666666],[0.8164965809277261,-0.4082482904638631,-0.4082482904638631],[0.3333333333333333,-0.6666666666666666,0.6666666666666666],[-0.8164965809277261,-0.4082482904638631,0.4082482904638631],[-0.6666666666666666,0.6666666666666666,-0.3333333333333333],[0.4082482904638631,0.4082482904638631,-0.8164965809277261],[0.6666666666666666,0.6666666666666666,0.3333333333333333],[-0.4082482904638631,0.4082482904638631,0.8164965809277261],[-0.3333333333333333,-0.6666666666666666,-0.6666666666666666],[0.8164965809277261,-0.4082482904638631,-0.4082482904638631],[0.3333333333333333,-0.6666666666666666,0.6666666666666666],[-0.8164965809277261,-0.4082482904638631,0.4082482904638631],[-0.6666666666666666,0.6666666666666666,-0.3333333333333333],[0.4082482904638631,0.4082482904638631,-0.8164965809277261],[0.6666666666666666,0.6666666666666666,0.3333333333333333],[-0.4082482904638631,0.4082482904638631,0.8164965809277261],[-0.3333333333333333,-0.6666666666666666,-0.6666666666666666],[0.8164965809277261,-0.4082482904638631,-0.4082482904638631],[0.3333333333333333,-0.6666666666666666,0.6666666666666666],[-0.8164965809277261,-0.4082482904638631,0.4082482904638631],[-0.6666666666666666,0.6666666666666666,-0.3333333333333333],[0.4082482904638631,0.4082482904638631,-0.8164965809277261],[0.6666666666666666,0.6666666666666666,0.3333333333333333],[-0.4082482904638631,0.4082482904638631,0.8164965809277261]],