{"version":1,"vertices":[[0.08,0.05,0.0],[0.0247,0.05,0.0761],[-0.0647,0.05,0.047],[-0.0647,0.05,-0.047],[0.0247,0.05,-0.0761],[0.0,0.15,0.0],[0.01,0.04,0.05],[-0.0315,0.04,0.1071],[-0.0985,0.04,0.0853],[-0.0985,0.04,0.0147],[-0.0315,0.04,-0.0071],[-0.05,0.12,0.05],[0.1,0.04,-0.04],[0.0585,0.04,0.0171],[-0.0085,0.04,-0.0047],[-0.0085,0.04,-0.0753],[0.0585,0.04,-0.0971],[0.04,0.12,-0.04]],"normals":[[0.0,1.0,0.0],[0.0,1.0,0.0],[0.0,1.0,0.0],[0.0,1.0,0.0],[0.0,1.0,0.0],[0,1,0],[0.0,1.0,0.0],[0.0,1.0,0.0],[0.0,1.0,0.0],[0.0,1.0,0.0],[0.0,1.0,0.0],[0,1,0],[0.0,1.0,0.0],[0.0,1.0,0.0],[0.0,1.0,0.0],[0.0,1.0,0.0],[0.0,1.0,0.0],[0,1,0]],"uvs":[[0.8992443324937027,0.47551420176297754],[0.620654911838791,0.8481880509304605],[0.17027707808564235,0.7056807051909892],[0.17027707808564235,0.24534769833496575],[0.620654911838791,0.10284035259549464],[0.49622166246851385,0.47551420176297754],[0.5465994962216625,0.7203721841332028],[0.33753148614609574,1.0],[0.0,0.8932419196865818],[0.0,0.5475024485798238],[0.33753148614609574,0.44074436826640556],[0.24433249370277077,0.7203721841332028],[1.0,0.2796278158667973],[0.7909319899244333,0.5592556317335946],[0.4534005037783375,0.45249755142017634],[0.4534005037783375,0.10675808031341823],[0.7909319899244333,0.0],[0.6977329974811083,0.2796278158667973]],"indices":[0,1,5,1,0,5,1,2,5,2,1,5,2,3,5,3,2,5,3,4,5,4,3,5,4,0,5,0,4,5,0,2,1,0,3,2,0,4,3,6,7,11,7,6,11,7,8,11,8,7,11,8,9,11,9,8,11,9,10,11,10,9,11,10,6,11,6,10,11,6,8,7,6,9,8,6,10,9,12,13,17,13,12,17,13,14,17,14,13,17,14,15,17,15,14,17,15,16,17,16,15,17,16,12,17,12,16,17,12,14,13,12,15,14,12,16,15],"aabb":[-0.0985,0.04,-0.0971,0.1,0.15,0.1071],"material":{"diffuse":[0.55,0.5,0.45],"roughness":0.7,"metallic":0.05}}