{"version":1,"vertices":[[-0.175,0.0,-0.175],[0.175,0.0,-0.175],[0.175,0.0,0.175],[-0.175,0.0,0.175],[-0.175,0.3,-0.175],[0.175,0.3,-0.175],[0.175,0.3,0.175],[-0.175,0.3,0.175],[-0.2,0.3,-0.2],[0.2,0.3,-0.2],[-0.2,0.3,0.2],[0.2,0.3,0.2],[-0.2,0.48,0.0],[0.2,0.48,0.0],[0.175,0.23,-0.02],[0.425,0.23,-0.02],[0.425,0.23,0.02],[0.175,0.23,0.02],[0.175,0.27,-0.02],[0.425,0.27,-0.02],[0.425,0.27,0.02],[0.175,0.27,0.02],[0.405,0.205,-0.04],[0.435,0.205,-0.04],[0.435,0.205,0.04],[0.405,0.205,0.04],[0.405,0.235,-0.04],[0.435,0.235,-0.04],[0.435,0.235,0.04],[0.405,0.235,0.04]],"normals":[[-0.3333333333333333,-0.6666666666666666,-0.6666666666666666],[0.8164965809277261,-0.4082482904638631,-0.4082482904638631],[0.3333333333333333,-0.6666666666666666,0.6666666666666666],[-0.8164965809277261,-0.4082482904638631,0.4082482904638631],[-0.6666666666666666,0.6666666666666666,-0.3333333333333333],[0.4082482904638631,0.4082482904638631,-0.8164965809277261],[0.6666666666666666,0.6666666666666666,0.3333333333333333],[-0.4082482904638631,0.4082482904638631,0.8164965809277261],[0.5722563182366446,0.2938030934767822,0.765638588696856],[-0.8128706732570654,0.20866866016909563,0.5437818117791726],[0.5747863652877454,-0.27968431603438787,-0.7690236131899196],[-0.5747863652877454,0.7223373899144241,-0.3845118065949598],[0.5581503754834566,-0.8297398136450224,0.0],[-0.31879193639204656,-0.9478247207640289,0.0],[-0.3333333333333333,-0.6666666666666666,-0.6666666666666666],[0.8164965809277261,-0.4082482904638631,-0.4082482904638631],[0.3333333333333333,-0.6666666666666666,0.6666666666666666],[-0.8164965809277261,-0.4082482904638631,0.4082482904638631],[-0.6666666666666666,0.6666666666666666,-0.3333333333333333],[0.4082482904638631,0.4082482904638631,-0.8164965809277261],[0.6666666666666666,0.6666666666666666,0.3333333333333333],[-0.4082482904638631,0.4082482904638631,0.8164965809277261],[-0.3333333333333333,-0.6666666666666666,-0.6666666666666666],[0.8164965809277261,-0.4082482904638631,-0.4082482904638631],[0.3333333333333333,-0.6666666666666666,0.6666666666666666],[-0.8164965809277261,-0.4082482904638631,0.4082482904638631],[-0.6666666666666666,0.6666666666666666,-0.3333333333333333],[0.4082482904638631,0.4082482904638631,-0.8164965809277261],[0.6666666666666666,0.6666666666666666,0.3333333333333333],[-0.4082482904638631,0.4082482904638631,0.8164965809277261]],"uvs":[[0.0,0.0],[0.0,0.0],[0.0,0.0],[0.0,0.0],[0.0,0.0],[0.0,0.0],[0.0,0.0],[0.0,0.0],[0.0,0.0],[0.0,0.0],[0.0,0.0],[0.0,0.0],[0.0,0.0],[0.0,0.0],[0.0,0.0],[0.0,0.0],[0.0,0.0],[0.0,0.0],[0.0,0.0],[0.0,0.0],[0.0,0.0],[0.0,0.0],[0.0,0.0],[0.0,0.0],[0.0,0.0],[0.0,0.0],[0.0,0.0],[0.0,0.0],[0.0,0.0],[0.0,0.0]],"indices":[0,1,2,0,2,3,4,6,5,4,7,6,0,5,1,0,4,5,1,6,2,1,5,6,2,7,3,2,6,7,3,4,0,3,7,4,8,9,13,8,13,12,9,11,13,11,10,13,13,10,12,10,8,12,8,10,11,8,11,9,14,15,16,14,16,17,18,20,19,18,21,20,14,19,15,14,18,19,15,20,16,15,19,20,16,21,17,16,20,21,17,18,14,17,21,18,22,23,24,22,24,25,26,28,27,26,29,28,22,27,23,22,26,27,23,28,24,23,27,28,24,29,25,24,28,29,25,26,22,25,29,26],"aabb":[-0.2,0.0,-0.2,0.435,0.48,0.2]}