{"version":1,"vertices":[[0.05,0.0,0.0],[0.025,0.0,0.0433],[-0.025,0.0,0.0433],[-0.05,0.0,0.0],[-0.025,0.0,-0.0433],[0.025,0.0,-0.0433],[0.05,0.25,0.0],[0.025,0.25,0.0433],[-0.025,0.25,0.0433],[-0.05,0.25,0.0],[-0.025,0.25,-0.0433],[0.025,0.25,-0.0433],[0.04,0.17,-0.02],[0.08,0.17,-0.02],[0.08,0.17,0.02],[0.04,0.17,0.02],[0.04,0.27,-0.02],[0.08,0.27,-0.02],[0.08,0.27,0.02],[0.04,0.27,0.02],[-0.07,0.16,-0.02],[-0.03,0.16,-0.02],[-0.03,0.16,0.02],[-0.07,0.16,0.02],[-0.07,0.24,-0.02],[-0.03,0.24,-0.02],[-0.03,0.24,0.02],[-0.07,0.24,0.02],[0.05,0.245,-0.015],[0.11,0.245,-0.015],[0.11,0.245,0.015],[0.05,0.245,0.015],[0.05,0.275,-0.015],[0.11,0.275,-0.015],[0.11,0.275,0.015],[0.05,0.275,0.015],[-0.095,0.215,-0.015],[-0.045,0.215,-0.015],[-0.045,0.215,0.015],[-0.095,0.215,0.015],[-0.095,0.245,-0.015],[-0.045,0.245,-0.015],[-0.045,0.245,0.015],[-0.095,0.245,0.015]],"normals":[[-0.5417334023695791,-0.8340592518916469,-0.10425970022509223],[-0.3061831303450277,-0.35355241829337436,-0.8838849349383814],[0.5222280934864936,-0.6030214830739663,-0.6030281165291851],[0.7833468404956608,-0.6030251013668945,0.15075959208923423],[0.2611140467432468,-0.6030214830739663,0.7537801705700673],[-0.6123662606900554,-0.35355241829337436,0.7071126149966397],[-0.5417334023695791,0.8340592518916469,0.10425970022509223],[-0.6123662606900554,0.35355241829337436,-0.7071126149966397],[0.2611140467432468,0.6030214830739663,-0.7537801705700673],[0.7833468404956608,0.6030251013668945,-0.15075959208923423],[0.5222280934864936,0.6030214830739663,0.6030281165291851],[-0.3061831303450277,0.35355241829337436,0.8838849349383814],[-0.3333333333333333,-0.6666666666666666,-0.6666666666666666],[0.8164965809277261,-0.4082482904638631,-0.4082482904638631],[0.3333333333333333,-0.6666666666666666,0.6666666666666666],[-0.8164965809277261,-0.4082482904638631,0.4082482904638631],[-0.6666666666666666,0.6666666666666666,-0.3333333333333333],[0.4082482904638631,0.4082482904638631,-0.8164965809277261],[0.6666666666666666,0.6666666666666666,0.3333333333333333],[-0.4082482904638631,0.4082482904638631,0.8164965809277261],[-0.3333333333333333,-0.6666666666666666,-0.6666666666666666],[0.8164965809277261,-0.4082482904638631,-0.4082482904638631],[0.3333333333333333,-0.6666666666666666,0.6666666666666666],[-0.8164965809277261,-0.4082482904638631,0.4082482904638631],[-0.6666666666666666,0.6666666666666666,-0.3333333333333333],[0.4082482904638631,0.4082482904638631,-0.8164965809277261],[0.6666666666666666,0.6666666666666666,0.3333333333333333],[-0.4082482904638631,0.4082482904638631,0.8164965809277261],[-0.3333333333333333,-0.6666666666666666,-0.6666666666666666],[0.8164965809277261,-0.4082482904638631,-0.4082482904638631],[0.3333333333333333,-0.6666666666666666,0.6666666666666666],[-0.8164965809277261,-0.4082482904638631,0.4082482904638631],[-0.6666666666666666,0.6666666666666666,-0.3333333333333333],[0.4082482904638631,0.4082482904638631,-0.8164965809277261],[0.6666666666666666,0.6666666666666666,0.3333333333333333],[-0.4082482904638631,0.4082482904638631,0.8164965809277261],[-0.3333333333333333,-0.6666666666666666,-0.6666666666666666],[0.8164965809277261,-0.4082482904638631,-0.4082482904638631],[0.3333333333333333,-0.6666666666666666,0.6666666666666666],[-0.8164965809277261,-0.4082482904638631,0.4082482904638631],[-0.6666666666666666,0.6666666666666666,-0.3333333333333333],[0.4082482904638631,0.4082482904638631,-0.8164965809277261],[0.6666666666666666,0.6666666666666666,0.3333333333333333],[-0.4082482904638631,0.4082482904638631,0.8164965809277261]],"uvs":[[0.7073170731707318,0.5],[0.5853658536585366,1.0],[0.34146341463414637,1.0],[0.2195121951219512,0.5],[0.34146341463414637,0.0],[0.5853658536585366,0.0],[0.7073170731707318,0.5],[0.5853658536585366,1.0],[0.34146341463414637,1.0],[0.2195121951219512,0.5],[0.34146341463414637,0.0],[0.5853658536585366,0.0],[0.6585365853658537,0.2690531177829099],[0.8536585365853657,0.2690531177829099],[0.8536585365853657,0.73094688221709],[0.6585365853658537,0.73094688221709],[0.6585365853658537,0.2690531177829099],[0.8536585365853657,0.2690531177829099],[0.8536585365853657,0.73094688221709],[0.6585365853658537,0.73094688221709],[0.12195121951219509,0.2690531177829099],[0.3170731707317073,0.2690531177829099],[0.3170731707317073,0.73094688221709],[0.12195121951219509,0.73094688221709],[0.12195121951219509,0.2690531177829099],[0.3170731707317073,0.2690531177829099],[0.3170731707317073,0.73094688221709],[0.12195121951219509,0.73094688221709],[0.7073170731707318,0.32678983833718245],[1.0,0.32678983833718245],[1.0,0.6732101616628176],[0.7073170731707318,0.6732101616628176],[0.7073170731707318,0.32678983833718245],[1.0,0.32678983833718245],[1.0,0.6732101616628176],[0.7073170731707318,0.6732101616628176],[0.0,0.32678983833718245],[0.24390243902439024,0.32678983833718245],[0.24390243902439024,0.6732101616628176],[0.0,0.6732101616628176],[0.0,0.32678983833718245],[0.24390243902439024,0.32678983833718245],[0.24390243902439024,0.6732101616628176],[0.0,0.6732101616628176]],"indices":[0,1,2,0,2,3,0,3,4,0,4,5,6,8,7,6,9,8,6,10,9,6,11,10,0,1,7,0,7,6,1,2,8,1,8,7,2,3,9,2,9,8,3,4,10,3,10,9,4,5,11,4,11,10,5,0,6,5,6,11,12,13,14,12,14,15,16,18,17,16,19,18,12,17,13,12,16,17,13,18,14,13,17,18,14,19,15,14,18,19,15,16,12,15,19,16,20,21,22,20,22,23,24,26,25,24,27,26,20,25,21,20,24,25,21,26,22,21,25,26,22,27,23,22,26,27,23,24,20,23,27,24,28,29,30,28,30,31,32,34,33,32,35,34,28,33,29,28,32,33,29,34,30,29,33,34,30,35,31,30,34,35,31,32,28,31,35,32,36,37,38,36,38,39,40,42,41,40,43,42,36,41,37,36,40,41,37,42,38,37,41,42,38,43,39,38,42,43,39,40,36,39,43,40],"aabb":[-0.095,0.0,-0.0433,0.11,0.275,0.0433],"material":{"diffuse":[0.55,0.5,0.45],"roughness":0.7,"metallic":0.05}}