{"version":1,"vertices":[[-0.125,0.06,-0.1],[0.125,0.06,-0.1],[0.125,0.06,0.1],[-0.125,0.06,0.1],[-0.125,0.14,-0.1],[0.125,0.14,-0.1],[0.125,0.14,0.1],[-0.125,0.14,0.1],[-0.04,0.015,0.15],[-0.0576,0.015,0.1924],[-0.1,0.015,0.21],[-0.1424,0.015,0.1924],[-0.16,0.015,0.15],[-0.1424,0.015,0.1076],[-0.1,0.015,0.09],[-0.0576,0.015,0.1076],[-0.04,0.045,0.15],[-0.0576,0.045,0.1924],[-0.1,0.045,0.21],[-0.1424,0.045,0.1924],[-0.16,0.045,0.15],[-0.1424,0.045,0.1076],[-0.1,0.045,0.09],[-0.0576,0.045,0.1076],[-0.04,0.015,-0.15],[-0.0576,0.015,-0.1076],[-0.1,0.015,-0.09],[-0.1424,0.015,-0.1076],[-0.16,0.015,-0.15],[-0.1424,0.015,-0.1924],[-0.1,0.015,-0.21],[-0.0576,0.015,-0.1924],[-0.04,0.045,-0.15],[-0.0576,0.045,-0.1076],[-0.1,0.045,-0.09],[-0.1424,0.045,-0.1076],[-0.16,0.045,-0.15],[-0.1424,0.045,-0.1924],[-0.1,0.045,-0.21],[-0.0576,0.045,-0.1924],[0.16,0.015,0.15],[0.1424,0.015,0.1924],[0.1,0.015,0.21],[0.0576,0.015,0.1924],[0.04,0.015,0.15],[0.0576,0.015,0.1076],[0.1,0.015,0.09],[0.1424,0.015,0.1076],[0.16,0.045,0.15],[0.1424,0.045,0.1924],[0.1,0.045,0.21],[0.0576,0.045,0.1924],[0.04,0.045,0.15],[0.0576,0.045,0.1076],[0.1,0.045,0.09],[0.1424,0.045,0.1076],[0.16,0.015,-0.15],[0.1424,0.015,-0.1076],[0.1,0.015,-0.09],[0.0576,0.015,-0.1076],[0.04,0.015,-0.15],[0.0576,0.015,-0.1924],[0.1,0.015,-0.21],[0.1424,0.015,-0.1924],[0.16,0.045,-0.15],[0.1424,0.045,-0.1076],[0.1,0.045,-0.09],[0.0576,0.045,-0.1076],[0.04,0.045,-0.15],[0.0576,0.045,-0.1924],[0.1,0.045,-0.21],[0.1424,0.045,-0.1924],[-0.43,0.11,-0.01],[-0.13,0.11,-0.01],[-0.13,0.11,0.01],[-0.43,0.11,0.01],[-0.43,0.13,-0.01],[-0.13,0.13,-0.01],[-0.13,0.13,0.01],[-0.43,0.13,0.01],[-0.125,0.13,0.1125],[0.125,0.13,0.1125],[0.125,0.13,0.1275],[-0.125,0.13,0.1275],[-0.125,0.19,0.1125],[0.125,0.19,0.1125],[0.125,0.19,0.1275],[-0.125,0.19,0.1275],[-0.125,0.13,-0.1275],[0.125,0.13,-0.1275],[0.125,0.13,-0.1125],[-0.125,0.13,-0.1125],[-0.125,0.19,-0.1275],[0.125,0.19,-0.1275],[0.125,0.19,-0.1125],[-0.125,0.19,-0.1125]],"normals":[[-0.3333333333333333,-0.6666666666666666,-0.6666666666666666],[0.8164965809277261,-0.4082482904638631,-0.4082482904638631],[0.3333333333333333,-0.6666666666666666,0.6666666666666666],[-0.8164965809277261,-0.4082482904638631,0.4082482904638631],[-0.6666666666666666,0.6666666666666666,-0.3333333333333333],[0.4082482904638631,0.4082482904638631,-0.8164965809277261],[0.6666666666666666,0.6666666666666666,0.3333333333333333],[-0.4082482904638631,0.4082482904638631,0.8164965809277261],[-0.41854715751070704,-0.9063467635136339,-0.05791218531594689],[-0.5687609021044212,-0.3364758240894258,-0.7505298501996485],[0.11149141753557656,-0.5816270783752284,-0.8057788812798482],[0.6484442288084735,-0.5814180640685341,-0.4913991421439215],[0.8057788812798482,-0.5816270783752284,0.11149141753557654],[0.4913991421439215,-0.5814180640685341,0.6484442288084735],[-0.11149141753557647,-0.5816270783752284,0.8057788812798482],[-0.7505298501996486,-0.3364758240894258,0.5687609021044212],[-0.41854715751070704,0.9063467635136339,0.05791218531594689],[-0.7505298501996485,0.3364758240894257,-0.5687609021044212],[-0.11149141753557647,0.5816270783752284,-0.8057788812798482],[0.4913991421439215,0.5814180640685341,-0.6484442288084735],[0.8057788812798482,0.5816270783752284,-0.11149141753557654],[0.6484442288084735,0.5814180640685341,0.4913991421439215],[0.11149141753557656,0.5816270783752284,0.8057788812798482],[-0.5687609021044212,0.3364758240894257,0.7505298501996485],[-0.41854715751070704,-0.9063467635136339,-0.05791218531594689],[-0.5687609021044212,-0.3364758240894258,-0.7505298501996485],[0.11149141753557656,-0.5816270783752284,-0.8057788812798482],[0.6484442288084735,-0.5814180640685341,-0.4913991421439215],[0.8057788812798482,-0.5816270783752284,0.11149141753557654],[0.4913991421439215,-0.5814180640685341,0.6484442288084735],[-0.11149141753557647,-0.5816270783752284,0.8057788812798482],[-0.7505298501996486,-0.3364758240894258,0.5687609021044212],[-0.41854715751070704,0.9063467635136339,0.05791218531594689],[-0.7505298501996485,0.3364758240894257,-0.5687609021044212],[-0.11149141753557647,0.5816270783752284,-0.8057788812798482],[0.4913991421439215,0.5814180640685341,-0.6484442288084735],[0.8057788812798482,0.5816270783752284,-0.11149141753557654],[0.6484442288084735,0.5814180640685341,0.4913991421439215],[0.11149141753557656,0.5816270783752284,0.8057788812798482],[-0.5687609021044212,0.3364758240894257,0.7505298501996485],[-0.418547157510707,-0.9063467635136339,-0.057912185315946905],[-0.5687609021044212,-0.3364758240894258,-0.7505298501996485],[0.11149141753557647,-0.5816270783752284,-0.8057788812798482],[0.6484442288084736,-0.5814180640685341,-0.49139914214392144],[0.8057788812798482,-0.5816270783752282,0.1114914175355765],[0.49139914214392144,-0.5814180640685341,0.6484442288084735],[-0.11149141753557656,-0.5816270783752284,0.8057788812798482],[-0.7505298501996485,-0.3364758240894258,0.5687609021044212],[-0.418547157510707,0.9063467635136339,0.057912185315946905],[-0.7505298501996485,0.3364758240894258,-0.5687609021044212],[-0.11149141753557656,0.5816270783752284,-0.8057788812798482],[0.49139914214392144,0.5814180640685341,-0.6484442288084736],[0.8057788812798482,0.5816270783752282,-0.1114914175355765],[0.6484442288084736,0.5814180640685341,0.49139914214392144],[0.11149141753557647,0.5816270783752284,0.8057788812798482],[-0.5687609021044212,0.3364758240894258,0.7505298501996485],[-0.418547157510707,-0.9063467635136339,-0.057912185315946905],[-0.5687609021044212,-0.3364758240894258,-0.7505298501996485],[0.11149141753557647,-0.5816270783752284,-0.8057788812798482],[0.6484442288084736,-0.5814180640685341,-0.49139914214392144],[0.8057788812798482,-0.5816270783752282,0.1114914175355765],[0.49139914214392144,-0.5814180640685341,0.6484442288084735],[-0.11149141753557656,-0.5816270783752284,0.8057788812798482],[-0.7505298501996485,-0.3364758240894258,0.5687609021044212],[-0.418547157510707,0.9063467635136339,0.057912185315946905],[-0.7505298501996485,0.3364758240894258,-0.5687609021044212],[-0.11149141753557656,0.5816270783752284,-0.8057788812798482],[0.49139914214392144,0.5814180640685341,-0.6484442288084736],[0.8057788812798482,0.5816270783752282,-0.1114914175355765],[0.6484442288084736,0.5814180640685341,0.49139914214392144],[0.11149141753557647,0.5816270783752284,0.8057788812798482],[-0.5687609021044212,0.3364758240894258,0.7505298501996485],[-0.3333333333333333,-0.6666666666666666,-0.6666666666666666],[0.8164965809277261,-0.4082482904638631,-0.4082482904638631],[0.3333333333333333,-0.6666666666666666,0.6666666666666666],[-0.8164965809277261,-0.4082482904638631,0.4082482904638631],[-0.6666666666666666,0.6666666666666666,-0.3333333333333333],[0.4082482904638631,0.4082482904638631,-0.8164965809277261],[0.6666666666666666,0.6666666666666666,0.3333333333333333],[-0.4082482904638631,0.4082482904638631,0.8164965809277261],[-0.3333333333333333,-0.6666666666666666,-0.6666666666666666],[0.8164965809277261,-0.4082482904638631,-0.4082482904638631],[0.3333333333333333,-0.6666666666666666,0.6666666666666666],[-0.8164965809277261,-0.4082482904638631,0.4082482904638631],[-0.6666666666666666,0.6666666666666666,-0.3333333333333333],[0.4082482904638631,0.4082482904638631,-0.8164965809277261],[0.6666666666666666,0.6666666666666666,0.3333333333333333],[-0.4082482904638631,0.4082482904638631,0.8164965809277261],[-0.3333333333333333,-0.6666666666666666,-0.6666666666666666],[0.8164965809277261,-0.4082482904638631,-0.4082482904638631],[0.3333333333333333,-0.6666666666666666,0.6666666666666666],[-0.8164965809277261,-0.4082482904638631,0.4082482904638631],[-0.6666666666666666,0.6666666666666666,-0.3333333333333333],[0.4082482904638631,0.4082482904638631,-0.8164965809277261],[0.6666666666666666,0.6666666666666666,0.3333333333333333],[-0.4082482904638631,0.4082482904638631,0.8164965809277261]],