{"version":1,"vertices":[[-0.175,0,-0.175],[0.175,0,-0.175],[0.175,0,0.175],[-0.175,0,0.175],[-0.175,0.1,-0.175],[0.175,0.1,-0.175],[0.175,0.1,0.175],[-0.175,0.1,0.175],[0,0.1,0],[0,0.30000000000000004,0],[0.05,0.1,0.0],[0.02500000000000001,0.1,0.04330127018922193],[-0.02499999999999999,0.1,0.04330127018922194],[-0.05,0.1,6.123233995736766e-18],[-0.025000000000000022,0.1,-0.04330127018922192],[0.02500000000000001,0.1,-0.04330127018922193],[0.02,0.30000000000000004,0.0],[0.010000000000000002,0.30000000000000004,0.017320508075688773],[-0.009999999999999995,0.30000000000000004,0.017320508075688773],[-0.02,0.30000000000000004,2.4492935982947064e-18],[-0.010000000000000009,0.30000000000000004,-0.01732050807568877],[0.010000000000000002,0.30000000000000004,-0.017320508075688773]],"normals":[[0.0,1.0,0.0],[0.0,1.0,0.0],[0.0,1.0,0.0],[0.0,1.0,0.0],[0.0,1.0,0.0],[0.0,1.0,0.0],[0.0,1.0,0.0],[0.0,1.0,0.0],[0.0,1.0,0.0],[0.0,1.0,0.0],[0.0,1.0,0.0],[0.0,1.0,0.0],[0.0,1.0,0.0],[0.0,1.0,0.0],[0.0,1.0,0.0],[0.0,1.0,0.0],[0.0,1.0,0.0],[0.0,1.0,0.0],[0.0,1.0,0.0],[0.0,1.0,0.0],[0.0,1.0,0.0],[0.0,1.0,0.0]],"uvs":[[0.0,0.0],[0.0,0.0],[0.0,0.0],[0.0,0.0],[0.0,0.0],[0.0,0.0],[0.0,0.0],[0.0,0.0],[0.0,0.0],[0.0,0.0],[0.0,0.0],[0.0,0.0],[0.0,0.0],[0.0,0.0],[0.0,0.0],[0.0,0.0],[0.0,0.0],[0.0,0.0],[0.0,0.0],[0.0,0.0],[0.0,0.0],[0.0,0.0]],"indices":[0,1,2,0,2,3,4,6,5,4,7,6,0,5,1,0,4,5,1,6,2,1,5,6,2,7,3,2,6,7,3,4,0,3,7,4,8,11,10,9,16,17,10,11,16,11,17,16,8,12,11,9,17,18,11,12,17,12,18,17,8,13,12,9,18,19,12,13,18,13,19,18,8,14,13,9,19,20,13,14,19,14,20,19,8,15,14,9,20,21,14,15,20,15,21,20,8,10,15,9,21,16,15,10,21,10,16,21],"aabb":[-0.175,0,-0.175,0.175,0.30000000000000004,0.175]}