{"version":1,"vertices":[[0.25,0,0.0],[0.21650635094610968,0,0.12499999999999999],[0.1299038105676658,0,0.07499999999999998],[0.15,0,0.0],[0.21650635094610968,0,0.12499999999999999],[0.12500000000000003,0,0.21650635094610965],[0.07500000000000001,0,0.12990381056766578],[0.1299038105676658,0,0.07499999999999998],[0.12500000000000003,0,0.21650635094610965],[1.5308084989341915e-17,0,0.25],[9.184850993605149e-18,0,0.15],[0.07500000000000001,0,0.12990381056766578],[1.5308084989341915e-17,0,0.25],[-0.12499999999999994,0,0.21650635094610968],[-0.07499999999999997,0,0.1299038105676658],[9.184850993605149e-18,0,0.15],[-0.12499999999999994,0,0.21650635094610968],[-0.21650635094610968,0,0.12499999999999999],[-0.1299038105676658,0,0.07499999999999998],[-0.07499999999999997,0,0.1299038105676658],[-0.21650635094610968,0,0.12499999999999999],[-0.25,0,3.061616997868383e-17],[-0.15,0,1.8369701987210297e-17],[-0.1299038105676658,0,0.07499999999999998],[-0.25,0,3.061616997868383e-17],[-0.2165063509461097,0,-0.12499999999999993],[-0.1299038105676658,0,-0.07499999999999996],[-0.15,0,1.8369701987210297e-17],[-0.2165063509461097,0,-0.12499999999999993],[-0.1250000000000001,0,-0.2165063509461096],[-0.07500000000000007,0,-0.12990381056766576],[-0.1299038105676658,0,-0.07499999999999996],[-0.1250000000000001,0,-0.2165063509461096],[-4.592425496802574e-17,0,-0.25],[-2.7554552980815445e-17,0,-0.15],[-0.07500000000000007,0,-0.12990381056766576],[-4.592425496802574e-17,0,-0.25],[0.12500000000000003,0,-0.21650635094610965],[0.07500000000000001,0,-0.12990381056766578],[-2.7554552980815445e-17,0,-0.15],[0.12500000000000003,0,-0.21650635094610965],[0.2165063509461096,0,-0.1250000000000001],[0.12990381056766576,0,-0.07500000000000007],[0.07500000000000001,0,-0.12990381056766578],[0.2165063509461096,0,-0.1250000000000001],[0.25,0,-6.123233995736766e-17],[0.15,0,-3.6739403974420595e-17],[0.12990381056766576,0,-0.07500000000000007],[0.25,0,0.0],[0.21650635094610968,0,0.12499999999999999],[0.21650635094610968,0.3,0.12499999999999999],[0.25,0.3,0.0],[0.21650635094610968,0,0.12499999999999999],[0.12500000000000003,0,0.21650635094610965],[0.12500000000000003,0.3,0.21650635094610965],[0.21650635094610968,0.3,0.12499999999999999],[0.12500000000000003,0,0.21650635094610965],[1.5308084989341915e-17,0,0.25],[1.5308084989341915e-17,0.3,0.25],[0.12500000000000003,0.3,0.21650635094610965],[1.5308084989341915e-17,0,0.25],[-0.12499999999999994,0,0.21650635094610968],[-0.12499999999999994,0.3,0.21650635094610968],[1.5308084989341915e-17,0.3,0.25],[-0.12499999999999994,0,0.21650635094610968],[-0.21650635094610968,0,0.12499999999999999],[-0.21650635094610968,0.3,0.12499999999999999],[-0.12499999999999994,0.3,0.21650635094610968],[-0.21650635094610968,0,0.12499999999999999],[-0.25,0,3.061616997868383e-17],[-0.25,0.3,3.061616997868383e-17],[-0.21650635094610968,0.3,0.12499999999999999],[-0.25,0,3.061616997868383e-17],[-0.2165063509461097,0,-0.12499999999999993],[-0.2165063509461097,0.3,-0.12499999999999993],[-0.25,0.3,3.061616997868383e-17],[-0.2165063509461097,0,-0.12499999999999993],[-0.1250000000000001,0,-0.2165063509461096],[-0.1250000000000001,0.3,-0.2165063509461096],[-0.2165063509461097,0.3,-0.12499999999999993],[-0.1250000000000001,0,-0.2165063509461096],[-4.592425496802574e-17,0,-0.25],[-4.592425496802574e-17,0.3,-0.25],[-0.1250000000000001,0.3,-0.2165063509461096],[-4.592425496802574e-17,0,-0.25],[0.12500000000000003,0,-0.21650635094610965],[0.12500000000000003,0.3,-0.21650635094610965],[-4.592425496802574e-17,0.3,-0.25],[0.12500000000000003,0,-0.21650635094610965],[0.2165063509461096,0,-0.1250000000000001],[0.2165063509461096,0.3,-0.1250000000000001],[0.12500000000000003,0.3,-0.21650635094610965],[0.2165063509461096,0,-0.1250000000000001],[0.25,0,-6.123233995736766e-17],[0.25,0.3,-6.123233995736766e-17],[0.2165063509461096,0.3,-0.1250000000000001]],"normals":[[0.0,-1.0,0.0],[0.0,-1.0,0.0],[0.0,-1.0,0.0],[0.0,-1.0,0.0],[0.0,-1.0,0.0],[0.0,-1.0,0.0],[0.0,-1.0,0.0],[0.0,-1.0,0.0],[0.0,-1.0,0.0],[0.0,-1.0,0.0],[0.0,-1.0,0.0],[0.0,-1.0,0.0],[0.0,-1.0,0.0],[0.0,-1.0,0.0],[0.0,-1.0,0.0],[0.0,-1.0,0.0],[0.0,-1.0,0.0],[0.0,-1.0,0.0],[0.0,-1.0,0.0],[0.0,-1.0,0.0],[0.0,-1.0,0.0],[0.0,-1.0,0.0],[0.0,-1.0,0.0],[0.0,-1.0,0.0],[0.0,-1.0,0.0],[0.0,-1.0,0.0],[0.0,-1.0,0.0],[0.0,-1.0,0.0],[0.0,-1.0,0.0],[0.0,-1.0,0.0],[0.0,-1.0,0.0],[0.0,-1.0,0.0],[0.0,-1.0,0.0],[0.0,-1.0,0.0],[0.0,-1.0,0.0],[0.0,-1.0,0.0],[0.0,-1.0,0.0],[0.0,-1.0,0.0],[0.0,-1.0,0.0],[0.0,-1.0,0.0],[0.0,-1.0,0.0],[0.0,-1.0,0.0],[0.0,-1.0,0.0],[0.0,-1.0,0.0],[0.0,-1.0,0.0],[0.0,-1.0,0.0],[0.0,-1.0,0.0],[0.0,-1.0,0.0],[0.9659258262890683,0.0,0.2588190451025207],[0.9659258262890683,0.0,0.2588190451025207],[0.9659258262890683,0.0,0.2588190451025207],[0.9659258262890683,0.0,0.2588190451025207],[0.7071067811865476,0.0,0.7071067811865475],[0.7071067811865476,0.0,0.7071067811865475],[0.7071067811865476,0.0,0.7071067811865475],[0.7071067811865476,0.0,0.7071067811865475],[0.2588190451025209,0.0,0.9659258262890683],[0.2588190451025209,0.0,0.9659258262890683],[0.2588190451025209,0.0,0.9659258262890683],[0.2588190451025209,0.0,0.9659258262890683],[-0.25881904510252074,0.0,0.9659258262890683],[-0.25881904510252074,0.0,0.9659258262890683],[-0.25881904510252074,0.0,0.9659258262890683],[-0.25881904510252074,0.0,0.9659258262890683],[-0.7071067811865475,0.0,0.7071067811865477],[-0.7071067811865475,0.0,0.7071067811865477],[-0.7071067811865475,0.0,0.7071067811865477],[-0.7071067811865475,0.0,0.7071067811865477],[-0.9659258262890683,0.0,0.25881904510252074],[-0.9659258262890683,0.0,0.25881904510252074],[-0.9659258262890683,0.0,0.25881904510252074],[-0.9659258262890683,0.0,0.25881904510252074],[-0.9659258262890683,0.0,-0.2588190451025205],[-0.9659258262890683,0.0,-0.2588190451025205],[-0.9659258262890683,0.0,-0.2588190451025205],[-0.9659258262890683,0.0,-0.2588190451025205],[-0.7071067811865478,0.0,-0.7071067811865472],[-0.7071067811865478,0.0,-0.7071067811865472],[-0.7071067811865478,0.0,-0.7071067811865472],[-0.7071067811865478,0.0,-0.7071067811865472],[-0.25881904510252113,0.0,-0.9659258262890682],[-0.25881904510252113,0.0,-0.9659258262890682],[-0.25881904510252113,0.0,-0.9659258262890682],[-0.25881904510252113,0.0,-0.9659258262890682],[0.2588190451025207,0.0,-0.9659258262890683],[0.2588190451025207,0.0,-0.9659258262890683],[0.2588190451025207,0.0,-0.9659258262890683],[0.2588190451025207,0.0,-0.9659258262890683],[0.7071067811865475,0.0,-0.7071067811865476],[0.7071067811865475,0.0,-0.7071067811865476],[0.7071067811865475,0.0,-0.7071067811865476],[0.7071067811865475,0.0,-0.7071067811865476],[0.9659258262890682,0.0,-0.25881904510252113],[0.9659258262890682,0.0,-0.25881904510252113],[0.9659258262890682,0.0,-0.25881904510252113],[0.9659258262890682,0.0,-0.25881904510252113]],"uvs":[[0.0,0.0],[0.0,0.0],[0.0,0.0],[0.0,0.0],[0.0,0.0],[0.0,0.0],[0.0,0.0],[0.0,0.0],[0.0,0.0],[0.0,0.0],[0.0,0.0],[0.0,0.0],[0.0,0.0],[0.0,0.0],[0.0,0.0],[0.0,0.0],[0.0,0.0],[0.0,0.0],[0.0,0.0],[0.0,0.0],[0.0,0.0],[0.0,0.0],[0.0,0.0],[0.0,0.0],[0.0,0.0],[0.0,0.0],[0.0,0.0],[0.0,0.0],[0.0,0.0],[0.0,0.0],[0.0,0.0],[0.0,0.0],[0.0,0.0],[0.0,0.0],[0.0,0.0],[0.0,0.0],[0.0,0.0],[0.0,0.0],[0.0,0.0],[0.0,0.0],[0.0,0.0],[0.0,0.0],[0.0,0.0],[0.0,0.0],[0.0,0.0],[0.0,0.0],[0.0,0.0],[0.0,0.0],[0.0,0.0],[0.0,0.0],[0.0,0.0],[0.0,0.0],[0.0,0.0],[0.0,0.0],[0.0,0.0],[0.0,0.0],[0.0,0.0],[0.0,0.0],[0.0,0.0],[0.0,0.0],[0.0,0.0],[0.0,0.0],[0.0,0.0],[0.0,0.0],[0.0,0.0],[0.0,0.0],[0.0,0.0],[0.0,0.0],[0.0,0.0],[0.0,0.0],[0.0,0.0],[0.0,0.0],[0.0,0.0],[0.0,0.0],[0.0,0.0],[0.0,0.0],[0.0,0.0],[0.0,0.0],[0.0,0.0],[0.0,0.0],[0.0,0.0],[0.0,0.0],[0.0,0.0],[0.0,0.0],[0.0,0.0],[0.0,0.0],[0.0,0.0],[0.0,0.0],[0.0,0.0],[0.0,0.0],[0.0,0.0],[0.0,0.0],[0.0,0.0],[0.0,0.0],[0.0,0.0],[0.0,0.0]],