{"version":1,"vertices":[[-0.215,0.0,-0.215],[-0.185,0.0,-0.215],[-0.185,0.0,-0.185],[-0.215,0.0,-0.185],[-0.215,0.45,-0.215],[-0.185,0.45,-0.215],[-0.185,0.45,-0.185],[-0.215,0.45,-0.185],[0.185,0.0,-0.215],[0.215,0.0,-0.215],[0.215,0.0,-0.185],[0.185,0.0,-0.185],[0.185,0.45,-0.215],[0.215,0.45,-0.215],[0.215,0.45,-0.185],[0.185,0.45,-0.185],[-0.215,0.0,0.185],[-0.185,0.0,0.185],[-0.185,0.0,0.215],[-0.215,0.0,0.215],[-0.215,0.45,0.185],[-0.185,0.45,0.185],[-0.185,0.45,0.215],[-0.215,0.45,0.215],[0.185,0.0,0.185],[0.215,0.0,0.185],[0.215,0.0,0.215],[0.185,0.0,0.215],[0.185,0.45,0.185],[0.215,0.45,0.185],[0.215,0.45,0.215],[0.185,0.45,0.215],[-0.215,0.085,-0.215],[0.215,0.085,-0.215],[0.215,0.085,-0.185],[-0.215,0.085,-0.185],[-0.215,0.115,-0.215],[0.215,0.115,-0.215],[0.215,0.115,-0.185],[-0.215,0.115,-0.185],[-0.215,0.085,0.185],[0.215,0.085,0.185],[0.215,0.085,0.215],[-0.215,0.085,0.215],[-0.215,0.115,0.185],[0.215,0.115,0.185],[0.215,0.115,0.215],[-0.215,0.115,0.215],[-0.215,0.335,-0.215],[0.215,0.335,-0.215],[0.215,0.335,-0.185],[-0.215,0.335,-0.185],[-0.215,0.365,-0.215],[0.215,0.365,-0.215],[0.215,0.365,-0.185],[-0.215,0.365,-0.185],[-0.215,0.335,0.185],[0.215,0.335,0.185],[0.215,0.335,0.215],[-0.215,0.335,0.215],[-0.215,0.365,0.185],[0.215,0.365,0.185],[0.215,0.365,0.215],[-0.215,0.365,0.215],[-0.215,-0.115,-0.015],[-0.185,-0.115,-0.015],[-0.185,-0.115,0.015],[-0.215,-0.115,0.015],[-0.215,0.315,-0.015],[-0.185,0.315,-0.015],[-0.185,0.315,0.015],[-0.215,0.315,0.015],[0.185,-0.115,-0.015],[0.215,-0.115,-0.015],[0.215,-0.115,0.015],[0.185,-0.115,0.015],[0.185,0.315,-0.015],[0.215,0.315,-0.015],[0.215,0.315,0.015],[0.185,0.315,0.015],[-0.215,0.135,-0.015],[-0.185,0.135,-0.015],[-0.185,0.135,0.015],[-0.215,0.135,0.015],[-0.215,0.565,-0.015],[-0.185,0.565,-0.015],[-0.185,0.565,0.015],[-0.215,0.565,0.015],[0.185,0.135,-0.015],[0.215,0.135,-0.015],[0.215,0.135,0.015],[0.185,0.135,0.015],[0.185,0.565,-0.015],[0.215,0.565,-0.015],[0.215,0.565,0.015],[0.185,0.565,0.015],[-0.175,0.21,-0.21],[0.175,0.21,-0.21],[0.175,0.21,-0.19],[-0.175,0.21,-0.19],[-0.175,0.23,-0.21],[0.175,0.23,-0.21],[0.175,0.23,-0.19],[-0.175,0.23,-0.19],[-0.175,0.21,0.19],[0.175,0.21,0.19],[0.175,0.21,0.21],[-0.175,0.21,0.21],[-0.175,0.23,0.19],[0.175,0.23,0.19],[0.175,0.23,0.21],[-0.175,0.23,0.21]],"normals":[[-0.3333333333333333,-0.6666666666666666,-0.6666666666666666],[0.8164965809277261,-0.4082482904638631,-0.4082482904638631],[0.3333333333333333,-0.6666666666666666,0.6666666666666666],[-0.8164965809277261,-0.4082482904638631,0.4082482904638631],[-0.6666666666666666,0.6666666666666666,-0.3333333333333333],[0.4082482904638631,0.4082482904638631,-0.8164965809277261],[0.6666666666666666,0.6666666666666666,0.3333333333333333],[-0.4082482904638631,0.4082482904638631,0.8164965809277261],[-0.3333333333333333,-0.6666666666666666,-0.6666666666666666],[0.8164965809277261,-0.4082482904638631,-0.4082482904638631],[0.3333333333333333,-0.6666666666666666,0.6666666666666666],[-0.8164965809277261,-0.4082482904638631,0.4082482904638631],[-0.6666666666666666,0.6666666666666666,-0.3333333333333333],[0.4082482904638631,0.4082482904638631,-0.8164965809277261],[0.6666666666666666,0.6666666666666666,0.3333333333333333],[-0.4082482904638631,0.4082482904638631,0.8164965809277261],[-0.3333333333333333,-0.6666666666666666,-0.6666666666666666],[0.8164965809277261,-0.4082482904638631,-0.4082482904638631],[0.3333333333333333,-0.6666666666666666,0.6666666666666666],[-0.8164965809277261,-0.4082482904638631,0.4082482904638631],[-0.6666666666666666,0.6666666666666666,-0.3333333333333333],[0.4082482904638631,0.4082482904638631,-0.8164965809277261],[0.6666666666666666,0.6666666666666666,0.3333333333333333],[-0.4082482904638631,0.4082482904638631,0.8164965809277261],[-0.3333333333333333,-0.6666666666666666,-0.6666666666666666],[0.8164965809277261,-0.4082482904638631,-0.4082482904638631],[0.3333333333333333,-0.6666666666666666,0.6666666666666666],[-0.8164965809277261,-0.4082482904638631,0.4082482904638631],[-0.6666666666666666,0.6666666666666666,-0.3333333333333333],[0.4082482904638631,0.4082482904638631,-0.8164965809277261],[0.6666666666666666,0.6666666666666666,0.3333333333333333],[-0.4082482904638631,0.4082482904638631,0.8164965809277261],[-0.3333333333333333,-0.6666666666666666,-0.6666666666666666],[0.8164965809277261,-0.4082482904638631,-0.4082482904638631],[0.3333333333333333,-0.6666666666666666,0.6666666666666666],[-0.8164965809277261,-0.4082482904638631,0.4082482904638631],[-0.6666666666666666,0.6666666666666666,-0.3333333333333333],[0.4082482904638631,0.4082482904638631,-0.8164965809277261],[0.6666666666666666,0.6666666666666666,0.3333333333333333],[-0.4082482904638631,0.4082482904638631,0.8164965809277261],[-0.3333333333333333,-0.6666666666666666,-0.6666666666666666],[0.8164965809277261,-0.4082482904638631,-0.4082482904638631],[0.3333333333333333,-0.6666666666666666,0.6666666666666666],[-0.8164965809277261,-0.4082482904638631,0.4082482904638631],[-0.6666666666666666,0.6666666666666666,-0.3333333333333333],[0.4082482904638631,0.4082482904638631,-0.8164965809277261],[0.6666666666666666,0.6666666666666666,0.3333333333333333],[-0.4082482904638631,0.4082482904638631,0.8164965809277261],[-0.3333333333333333,-0.6666666666666666,-0.6666666666666666],[0.8164965809277261,-0.4082482904638631,-0.4082482904638631],[0.3333333333333333,-0.6666666666666666,0.6666666666666666],[-0.8164965809277261,-0.4082482904638631,0.4082482904638631],[-0.6666666666666666,0.6666666666666666,-0.3333333333333333],[0.4082482904638631,0.4082482904638631,-0.8164965809277261],[0.6666666666666666,0.6666666666666666,0.3333333333333333],[-0.4082482904638631,0.4082482904638631,0.8164965809277261],[-0.3333333333333333,-0.6666666666666666,-0.6666666666666666],[0.8164965809277261,-0.4082482904638631,-0.4082482904638631],[0.3333333333333333,-0.6666666666666666,0.6666666666666666],[-0.8164965809277261,-0.4082482904638631,0.4082482904638631],[-0.6666666666666666,0.6666666666666666,-0.3333333333333333],[0.4082482904638631,0.4082482904638631,-0.8164965809277261],[0.6666666666666666,0.6666666666666666,0.3333333333333333],[-0.4082482904638631,0.4082482904638631,0.8164965809277261],[-0.3333333333333333,-0.6666666666666666,-0.6666666666666666],[0.8164965809277261,-0.4082482904638631,-0.4082482904638631],[0.3333333333333333,-0.6666666666666666,0.6666666666666666],[-0.8164965809277261,-0.4082482904638631,0.4082482904638631],[-0.6666666666666666,0.6666666666666666,-0.3333333333333333],[0.4082482904638631,0.4082482904638631,-0.8164965809277261],[0.6666666666666666,0.6666666666666666,0.3333333333333333],[-0.4082482904638631,0.4082482904638631,0.8164965809277261],[-0.3333333333333333,-0.6666666666666666,-0.6666666666666666],[0.8164965809277261,-0.4082482904638631,-0.4082482904638631],[0.3333333333333333,-0.6666666666666666,0.6666666666666666],[-0.8164965809277261,-0.4082482904638631,0.4082482904638631],[-0.6666666666666666,0.6666666666666666,-0.3333333333333333],[0.4082482904638631,0.4082482904638631,-0.8164965809277261],[0.6666666666666666,0.6666666666666666,0.3333333333333333],[-0.4082482904638631,0.4082482904638631,0.8164965809277261],[-0.3333333333333333,-0.6666666666666666,-0.6666666666666666],[0.8164965809277261,-0.4082482904638631,-0.4082482904638631],[0.3333333333333333,-0.6666666666666666,0.6666666666666666],[-0.8164965809277261,-0.4082482904638631,0.4082482904638631],[-0.6666666666666666,0.6666666666666666,-0.3333333333333333],[0.4082482904638631,0.4082482904638631,-0.8164965809277261],[0.6666666666666666,0.6666666666666666,0.3333333333333333],[-0.4082482904638631,0.4082482904638631,0.8164965809277261],[-0.3333333333333333,-0.6666666666666666,-0.6666666666666666],[0.8164965809277261,-0.4082482904638631,-0.4082482904638631],[0.3333333333333333,-0.6666666666666666,0.6666666666666666],[-0.8164965809277261,-0.4082482904638631,0.4082482904638631],[-0.6666666666666666,0.6666666666666666,-0.3333333333333333],[0.4082482904638631,0.4082482904638631,