{"version":1,"vertices":[[-0.16,0.0,-0.16],[0.16,0.0,-0.16],[0.16,0.0,0.16],[-0.16,0.0,0.16],[-0.16,0.28,-0.16],[0.16,0.28,-0.16],[0.16,0.28,0.16],[-0.16,0.28,0.16],[-0.21000000000000002,0.28,-0.21000000000000002],[0.21000000000000002,0.28,-0.21000000000000002],[0.21000000000000002,0.28,0.21000000000000002],[-0.21000000000000002,0.28,0.21000000000000002],[0.0,0.5,0.0],[0.0,0.65,0.0]],"normals":[[0.3333333333333333,-0.6666666666666666,0.6666666666666666],[-0.8164965809277261,-0.4082482904638631,0.4082482904638631],[-0.3333333333333333,-0.6666666666666666,-0.6666666666666666],[0.8164965809277261,-0.4082482904638631,-0.4082482904638631],[0.5345224838248488,0.8017837257372732,0.2672612419124244],[-0.2672612419124244,0.8017837257372732,0.5345224838248488],[-0.5345224838248488,0.8017837257372732,-0.2672612419124244],[0.2672612419124244,0.8017837257372732,-0.5345224838248488],[0.6620946710819867,0.7493824685098892,0.007520798817988765],[-0.007520798817988765,0.7493824685098892,0.6620946710819867],[-0.6620946710819867,0.7493824685098892,-0.007520798817988765],[0.007520798817988765,0.7493824685098892,-0.6620946710819867],[0.0,-1.0,0.0],[0.0,1.0,0.0]],"uvs":[[0.33999999999999997,0.33999999999999997],[0.66,0.33999999999999997],[0.66,0.66],[0.33999999999999997,0.66],[0.33999999999999997,0.33999999999999997],[0.66,0.33999999999999997],[0.66,0.66],[0.33999999999999997,0.66],[0.29,0.29],[0.71,0.29],[0.71,0.71],[0.29,0.71],[0.5,0.5],[0.5,0.5]],"indices":[0,1,2,0,2,3,0,1,5,0,5,4,1,2,6,1,6,5,2,3,7,2,7,6,3,0,4,3,4,7,8,9,12,9,10,12,10,11,12,11,8,12,12,9,13,12,10,13,12,11,13,12,8,13,4,5,9,4,9,8,5,6,10,5,10,9,6,7,11,6,11,10,7,4,8,7,8,11],"aabb":[-0.21000000000000002,0.0,-0.21000000000000002,0.21000000000000002,0.65,0.21000000000000002],"material":{"diffuse":[0.15,0.12,0.18],"roughness":0.5,"metallic":0.2}}