{"version":1,"vertices":[[-0.15,0,-0.15],[0.15,0,-0.15],[0.15,0,0.15],[-0.15,0,0.15],[0,0.5,0],[-0.15,0.3,-0.15],[0.15,0.3,-0.15],[-0.15,0.3,0.15],[0.15,0.3,0.15]],"normals":[[0.4871199468792014,0.7248643422770967,0.4871199468792014],[-0.6746349554180129,0.29955859836811816,0.6746349554180129],[-0.46708004363254485,0.3502260278042584,-0.8118977535925759],[0.10438633450438731,-0.1173276710316327,-0.9875918746015638],[-0.8597030673259493,-0.31339092886081327,-0.4033568664819168],[-0.520129504432299,-0.7197986268152458,-0.45973387459909626],[-0.49999999999999994,-0.7071067811865475,-0.49999999999999994],[-0.8,0.6,0.0],[0.0,-1.0,0.0]],"uvs":[[0.0,0.0],[0.0,0.0],[0.0,0.0],[0.0,0.0],[0.0,0.0],[0.0,0.0],[0.0,0.0],[0.0,0.0],[0.0,0.0]],"indices":[0,2,1,0,3,2,0,1,4,1,2,4,2,3,4,3,0,4,5,2,3,6,3,4,7,4,5,8,5,6],"aabb":[-0.15,0,-0.15,0.15,0.5,0.15]}