{"version":1,"vertices":[[-0.25,0,-0.25],[0.25,0,-0.25],[0.25,0,0.25],[-0.25,0,0.25],[-0.25,0.4,-0.25],[0.25,0.4,-0.25],[0.25,0.4,0.25],[-0.25,0.4,0.25],[-0.2,0.4,-0.2],[-0.2,0.6000000000000001,-0.2],[-0.12000000000000001,0.4,-0.2],[-0.16,0.4,-0.13071796769724492],[-0.24,0.4,-0.13071796769724492],[-0.28,0.4,-0.2],[-0.24000000000000005,0.4,-0.2692820323027551],[-0.16,0.4,-0.2692820323027551],[-0.12000000000000001,0.6000000000000001,-0.2],[-0.16,0.6000000000000001,-0.13071796769724492],[-0.24,0.6000000000000001,-0.13071796769724492],[-0.28,0.6000000000000001,-0.2],[-0.24000000000000005,0.6000000000000001,-0.2692820323027551],[-0.16,0.6000000000000001,-0.2692820323027551],[0.2,0.4,-0.2],[0.2,0.6000000000000001,-0.2],[0.28,0.4,-0.2],[0.24000000000000002,0.4,-0.13071796769724492],[0.16000000000000003,0.4,-0.13071796769724492],[0.12000000000000001,0.4,-0.2],[0.15999999999999998,0.4,-0.2692820323027551],[0.24000000000000002,0.4,-0.2692820323027551],[0.28,0.6000000000000001,-0.2],[0.24000000000000002,0.6000000000000001,-0.13071796769724492],[0.16000000000000003,0.6000000000000001,-0.13071796769724492],[0.12000000000000001,0.6000000000000001,-0.2],[0.15999999999999998,0.6000000000000001,-0.2692820323027551],[0.24000000000000002,0.6000000000000001,-0.2692820323027551],[0.2,0.4,0.2],[0.2,0.6000000000000001,0.2],[0.28,0.4,0.2],[0.24000000000000002,0.4,0.2692820323027551],[0.16000000000000003,0.4,0.2692820323027551],[0.12000000000000001,0.4,0.2],[0.15999999999999998,0.4,0.13071796769724492],[0.24000000000000002,0.4,0.13071796769724492],[0.28,0.6000000000000001,0.2],[0.24000000000000002,0.6000000000000001,0.2692820323027551],[0.16000000000000003,0.6000000000000001,0.2692820323027551],[0.12000000000000001,0.6000000000000001,0.2],[0.15999999999999998,0.6000000000000001,0.13071796769724492],[0.24000000000000002,0.6000000000000001,0.13071796769724492],[-0.2,0.4,0.2],[-0.2,0.6000000000000001,0.2],[-0.12000000000000001,0.4,0.2],[-0.16,0.4,0.2692820323027551],[-0.24,0.4,0.2692820323027551],[-0.28,0.4,0.2],[-0.24000000000000005,0.4,0.13071796769724492],[-0.16,0.4,0.13071796769724492],[-0.12000000000000001,0.6000000000000001,0.2],[-0.16,0.6000000000000001,0.2692820323027551],[-0.24,0.6000000000000001,0.2692820323027551],[-0.28,0.6000000000000001,0.2],[-0.24000000000000005,0.6000000000000001,0.13071796769724492],[-0.16,0.6000000000000001,0.13071796769724492],[0,0.4,0],[0,0.7,0],[0.1,0.4,0.0],[0.07071067811865477,0.4,0.07071067811865475],[6.123233995736766e-18,0.4,0.1],[-0.07071067811865475,0.4,0.07071067811865477],[-0.1,0.4,1.2246467991473533e-17],[-0.07071067811865477,0.4,-0.07071067811865475],[-1.8369701987210297e-17,0.4,-0.1],[0.07071067811865474,0.4,-0.07071067811865477],[0.1,0.7,0.0],[0.07071067811865477,0.7,0.07071067811865475],[6.123233995736766e-18,0.7,0.1],[-0.07071067811865475,0.7,0.07071067811865477],[-0.1,0.7,1.2246467991473533e-17],[-0.07071067811865477,0.7,-0.07071067811865475],[-1.8369701987210297e-17,0.7,-0.1],[0.07071067811865474,0.7,-0.07071067811865477]],"normals":[[-0.3333333333333333,-0.6666666666666666,-0.6666666666666666],[0.8164965809277261,-0.4082482904638631,-0.4082482904638631],[0.3333333333333333,-0.6666666666666666,0.6666666666666666],[-0.8164965809277261,-0.4082482904638631,0.4082482904638631],[-0.6666666666666666,0.6666666666666666,-0.3333333333333333],[0.4082482904638631,0.4082482904638631,-0.8164965809277261],[0.6666666666666666,0.6666666666666666,0.3333333333333333],[-0.4082482904638631,0.4082482904638631,0.8164965809277261],[0.0,1.0,0.0],[0.0,-1.0,0.0],[-0.7833494518006403,0.6030226891555273,0.15075567228888181],[-0.5222329678670936,0.6030226891555273,-0.6030226891555273],[0.2611164839335467,0.6030226891555271,-0.7537783614444091],[0.7833494518006402,0.6030226891555273,-0.15075567228888215],[0.5222329678670936,0.6030226891555274,0.6030226891555271],[-0.2611164839335468,0.6030226891555273,0.753778361444409],[-0.7833494518006403,-0.6030226891555273,-0.15075567228888181],[-0.2611164839335468,-0.6030226891555273,-0.753778361444409],[0.5222329678670934,-0.6030226891555271,-0.6030226891555275],[0.7833494518006403,-0.6030226891555273,0.15075567228888154],[0.2611164839335468,-0.6030226891555273,0.753778361444409],[-0.5222329678670936,-0.6030226891555273,0.6030226891555273],[0.0,1.0,0.0],[0.0,-1.0,0.0],[-0.7833494518006403,0.6030226891555273,0.15075567228888184],[-0.5222329678670936,0.6030226891555273,-0.6030226891555273],[0.2611164839335467,0.6030226891555273,-0.753778361444409],[0.7833494518006403,0.6030226891555273,-0.150755672288882],[0.5222329678670937,0.6030226891555273,0.6030226891555271],[-0.2611164839335468,0.6030226891555273,0.753778361444409],[-0.7833494518006403,-0.6030226891555273,-0.15075567228888184],[-0.2611164839335468,-0.6030226891555273,-0.753778361444409],[0.5222329678670934,-0.6030226891555273,-0.6030226891555274],[0.7833494518006403,-0.6030226891555271,0.1507556722888816],[0.26111648393354686,-0.6030226891555273,0.753778361444409],[-0.5222329678670936,-0.6030226891555273,0.6030226891555273],[0.0,1.0,0.0],[0.0,-1.0,0.0],[-0.7833494518006403,0.6030226891555273,0.15075567228888184],[-0.5222329678670936,0.6030226891555273,-0.6030226891555273],[0.2611164839335467,0.6030226891555273,-0.753778361444409],[0.7833494518006403,0.6030226891555273,-0.150755672288882],[0.5222329678670937,0.6030226891555273,0.6030226891555271],[-0.2611164839335468,0.6030226891555273,0.753778361444409],[-0.7833494518006403,-0.6030226891555273,-0.15075567228888184],[-0.2611164839335468,-0.6030226891555273,-0.753778361444409],[0.5222329678670934,-0.6030226891555273,-0.6030226891555274],[0.7833494518006403,-0.6030226891555271,0.1507556722888816],[0.26111648393354686,-0.6030226891555273,0.753778361444409],[-0.5222329678670936,-0.6030226891555273,0.6030226891555273],[0.0,1.0,0.0],[0.0,-1.0,0.0],[-0.7833494518006403,0.6030226891555273,0.15075567228888181],[-0.5222329678670936,0.6030226891555273,-0.6030226891555273],[0.2611164839335467,0.6030226891555271,-0.7537783614444091],[0.7833494518006402,0.6030226891555273,-0.15075567228888215],[0.5222329678670936,0.6030226891555274,0.6030226891555271],[-0.2611164839335468,0.6030226891555273,0.753778361444409],[-0.7833494518006403,-0.6030226891555273,-0.15075567228888181],[-0.2611164839335468,-0.6030226891555273,-0.753778361444409],[0.5222329678670934,-0.6030226891555271,-0.6030226891555275],[0.7833494518006403,-0.6030226891555273,0.15075567228888154],[0.2611164839335468,-0.6030226891555273,0.753778361444409],[-0.5222329678670936,-0.6030226891555273,0.6030226891555273],[0.0,1.0,0.0],[0.0,-1.0,0.0],[-0.8058850539802376,0.5815224645069494,0.11126950635746287],[-0.6485262090109545,0.5815224645069494,-0.49116736404167133],[-0.11126950635746277,0.5815224645069494,-0.8058850539802376],[0.4911673640416713,0.5815224645069493,-0.6485262090109545],[0.8058850539802376,0.5815224645069494,-0.11126950635746281],[0.6485262090109545,0.5815224645069493,0.4911673640416713],[0.1112695063574628,0.5815224645069494,0.8058850539802376],[-0.4911673640416713,0.5815224645069493,0.6485262090109545],[-0.8058850539802376,-0.5815224645069494,-0.11126950635746267],[-0.49116736404167133,-0.5815224645069493,-0.6485262090109545],[0.11126950635746272,-0.5815224645069494,-0.8058850539802376],[0.6485262090109545,-0.5815224645069493,-0.49116736404167133],[0.8058850539802376,-0.5815224645069494,0.11126950635746267],[0.49116736404167133,-0.5815224645069493,0.6485262090109544],[-0.1112695063574627,-0.5815224645069494,0.8058850539802376],[-0.6485262090109544,-0.5815224645069493,0.49116736404167144]],