{"version":1,"vertices":[[-0.16,0,-0.04],[-0.07999999999999999,0,-0.04],[-0.07999999999999999,0,0.04],[-0.16,0,0.04],[-0.16,0.45,-0.04],[-0.07999999999999999,0.45,-0.04],[-0.07999999999999999,0.45,0.04],[-0.16,0.45,0.04],[0.07999999999999999,0,-0.04],[0.16,0,-0.04],[0.16,0,0.04],[0.07999999999999999,0,0.04],[0.07999999999999999,0.45,-0.04],[0.16,0.45,-0.04],[0.16,0.45,0.04],[0.07999999999999999,0.45,0.04],[-0.16,0.45,-0.04],[0.16,0.45,-0.04],[0.16,0.45,0.04],[-0.16,0.45,0.04],[-0.16,0.5,-0.04],[0.16,0.5,-0.04],[0.16,0.5,0.04],[-0.16,0.5,0.04]],"normals":[[-0.3333333333333333,-0.6666666666666666,-0.6666666666666666],[0.8164965809277261,-0.4082482904638631,-0.4082482904638631],[0.3333333333333333,-0.6666666666666666,0.6666666666666666],[-0.8164965809277261,-0.4082482904638631,0.4082482904638631],[-0.6666666666666666,0.6666666666666666,-0.3333333333333333],[0.4082482904638631,0.4082482904638631,-0.8164965809277261],[0.6666666666666666,0.6666666666666666,0.3333333333333333],[-0.4082482904638631,0.4082482904638631,0.8164965809277261],[-0.3333333333333333,-0.6666666666666666,-0.6666666666666666],[0.8164965809277261,-0.4082482904638631,-0.4082482904638631],[0.3333333333333333,-0.6666666666666666,0.6666666666666666],[-0.8164965809277261,-0.4082482904638631,0.4082482904638631],[-0.6666666666666666,0.6666666666666666,-0.3333333333333333],[0.4082482904638631,0.4082482904638631,-0.8164965809277261],[0.6666666666666666,0.6666666666666666,0.3333333333333333],[-0.4082482904638631,0.4082482904638631,0.8164965809277261],[-0.3333333333333333,-0.6666666666666666,-0.6666666666666666],[0.8164965809277261,-0.4082482904638631,-0.4082482904638631],[0.3333333333333333,-0.6666666666666666,0.6666666666666666],[-0.8164965809277261,-0.4082482904638631,0.4082482904638631],[-0.6666666666666666,0.6666666666666666,-0.3333333333333333],[0.4082482904638631,0.4082482904638631,-0.8164965809277261],[0.6666666666666666,0.6666666666666666,0.3333333333333333],[-0.4082482904638631,0.4082482904638631,0.8164965809277261]],"uvs":[[0.0,0.0],[0.25000000000000006,0.0],[0.25000000000000006,1.0],[0.0,1.0],[0.0,0.0],[0.25000000000000006,0.0],[0.25000000000000006,1.0],[0.0,1.0],[0.75,0.0],[1.0,0.0],[1.0,1.0],[0.75,1.0],[0.75,0.0],[1.0,0.0],[1.0,1.0],[0.75,1.0],[0.0,0.0],[1.0,0.0],[1.0,1.0],[0.0,1.0],[0.0,0.0],[1.0,0.0],[1.0,1.0],[0.0,1.0]],"indices":[0,1,2,0,2,3,4,6,5,4,7,6,0,5,1,0,4,5,1,6,2,1,5,6,2,7,3,2,6,7,3,4,0,3,7,4,8,9,10,8,10,11,12,14,13,12,15,14,8,13,9,8,12,13,9,14,10,9,13,14,10,15,11,10,14,15,11,12,8,11,15,12,16,17,18,16,18,19,20,22,21,20,23,22,16,21,17,16,20,21,17,22,18,17,21,22,18,23,19,18,22,23,19,20,16,19,23,20],"aabb":[-0.16,0,-0.04,0.16,0.5,0.04],"material":{"diffuse":[0.55,0.5,0.45],"roughness":0.7,"metallic":0.05}}