{"version":1,"vertices":[[0.0,0.02,0.0],[0.06,0.02,0.02],[0.06,0.02,-0.02],[-0.04,0.02,0.03],[-0.04,0.02,-0.03],[0.0,0.0,0.015],[0.0,0.0,-0.015],[0.06,0.0,0.015],[0.06,0.0,-0.015],[-0.04,0.0,0.025],[-0.04,0.0,-0.025],[-0.06,0.02,0.0],[-0.1,0.05,0.06],[-0.1,0.05,-0.06],[-0.06,0.0,0.0],[-0.1,-0.01,0.05],[-0.1,-0.01,-0.05]],"normals":[[0.0,1.0,0.0],[0.0,1.0,0.0],[0.0,1.0,0.0],[0.0,1.0,0.0],[0.0,1.0,0.0],[0.0,1.0,0.0],[0.0,1.0,0.0],[0,1,0],[0.0,-1.0,0.0],[0,1,0],[0.0,1.0,0.0],[-0.9975974209676801,0.06927759867831117,0.0],[0.5454914991177737,-0.6438588186308147,-0.536549015525679],[-0.4048780487804878,-0.702439024390244,0.5853658536585367],[0,1,0],[-0.3534475876383405,0.7835464593428273,-0.5110085604409742],[0.4855204666489371,0.7322603759295445,0.47756111473665935]],"uvs":[[0.625,0.5],[1.0,0.6666666666666667],[1.0,0.3333333333333333],[0.375,0.75],[0.375,0.25],[0.625,0.625],[0.625,0.375],[1.0,0.625],[1.0,0.375],[0.375,0.7083333333333333],[0.375,0.29166666666666663],[0.25000000000000006,0.5],[0.0,1.0],[0.0,0.0],[0.25000000000000006,0.5],[0.0,0.9166666666666667],[0.0,0.0833333333333333]],"indices":[0,1,2,0,2,4,0,4,3,0,3,1,5,7,6,5,8,7,5,9,8,5,10,9,5,6,10,11,12,13,11,13,16,11,16,15,11,15,12,12,15,16,12,16,13],"aabb":[-0.1,-0.01,-0.06,0.06,0.05,0.06],"material":{"diffuse":[0.55,0.5,0.45],"roughness":0.7,"metallic":0.05}}