{"version":1,"vertices":[[0.015,0.0,0.0],[0.0,0.0,0.015],[-0.015,0.0,0.0],[-0.0,0.0,-0.015],[0.015,0.2,0.0],[0.0,0.2,0.015],[-0.015,0.2,0.0],[-0.0,0.2,-0.015],[0.04,0.2,0.0],[0.0124,0.2,0.038],[-0.0324,0.2,0.0235],[-0.0324,0.2,-0.0235],[0.0124,0.2,-0.038],[0.0,0.28,0.0]],"normals":[[-0.7071067811865476,-0.6666666666666666,-0.23570226039551587],[0.28867513459481287,-0.40824829046386296,-0.8660254037844387],[0.7071067811865476,-0.6666666666666666,0.23570226039551587],[-0.28867513459481287,-0.40824829046386296,0.8660254037844387],[-0.7071067811865476,0.6666666666666666,0.23570226039551587],[-0.28867513459481287,0.40824829046386296,-0.8660254037844387],[0.7071067811865476,0.6666666666666666,-0.23570226039551587],[0.28867513459481287,0.40824829046386296,0.8660254037844387],[0.0,1.0,7.401486830834377e-17],[2.220446049250313e-16,1.0,1.1102230246251565e-16],[0.0,1.0,0.0],[0.0,1.0,0.0],[-2.220446049250313e-16,1.0,1.1102230246251565e-16],[0,1,0]],"uvs":[[0.6546961325966851,0.5],[0.44751381215469616,0.6973684210526315],[0.24033149171270718,0.5],[0.44751381215469616,0.3026315789473684],[0.6546961325966851,0.5],[0.44751381215469616,0.6973684210526315],[0.24033149171270718,0.5],[0.44751381215469616,0.3026315789473684],[1.0,0.5],[0.6187845303867404,1.0],[0.0,0.8092105263157895],[0.0,0.1907894736842105],[0.6187845303867404,0.0],[0.44751381215469616,0.5]],"indices":[0,1,2,0,2,3,4,6,5,4,7,6,0,1,5,0,5,4,1,2,6,1,6,5,2,3,7,2,7,6,3,0,4,3,4,7,8,9,13,9,8,13,9,10,13,10,9,13,10,11,13,11,10,13,11,12,13,12,11,13,12,8,13,8,12,13,8,10,9,8,11,10,8,12,11],"aabb":[-0.0324,0.0,-0.038,0.04,0.28,0.038],"material":{"diffuse":[0.55,0.5,0.45],"roughness":0.7,"metallic":0.05}}