{"version":1,"vertices":[[0.04,-0.145,0.0],[0.02,-0.145,0.0346],[-0.02,-0.145,0.0346],[-0.04,-0.145,0.0],[-0.02,-0.145,-0.0346],[0.02,-0.145,-0.0346],[0.04,0.205,0.0],[0.02,0.205,0.0346],[-0.02,0.205,0.0346],[-0.04,0.205,0.0],[-0.02,0.205,-0.0346],[0.02,0.205,-0.0346],[0.1,0.01,0.06],[0.0862,0.01,0.079],[0.0638,0.01,0.0718],[0.0638,0.01,0.0482],[0.0862,0.01,0.041],[0.1,0.11,0.06],[0.0862,0.11,0.079],[0.0638,0.11,0.0718],[0.0638,0.11,0.0482],[0.0862,0.11,0.041],[-0.18,0.0,0.0],[-0.18,0.06,0.0],[-0.18,0.03,0.04],[-0.18,0.03,-0.04]],"normals":[[-0.5416176411443093,-0.8341221456555157,-0.10435792700275709],[-0.306061466169381,-0.35351412251496894,-0.8839423873243778],[0.5220360030286295,-0.6029739772263761,-0.6032419036586386],[0.7832438864918622,-0.6031201917572747,0.1509140436400505],[0.26101800151431476,-0.6029739772263761,0.7538514347491014],[-0.612122932338762,-0.35351412251496894,0.7073424071038488],[-0.5416176411443093,0.8341221456555157,0.10435792700275709],[-0.612122932338762,0.35351412251496894,-0.7073424071038488],[0.26101800151431476,0.6029739772263761,-0.7538514347491014],[0.7832438864918622,0.6031201917572747,-0.1509140436400505],[0.5220360030286295,0.6029739772263761,0.6032419036586386],[-0.306061466169381,0.35351412251496894,0.8839423873243778],[-0.6218321603511336,-0.7685439554654201,-0.1505488388218534],[-0.07320835976586981,-0.37145414061669746,-0.9255605639174035],[0.7211902248641707,-0.6254877309161188,-0.2977410922828285],[0.5041488533541634,-0.6254877309161188,0.595482184565657],[-0.48742185092526635,-0.37145414061669746,0.7902162746105007],[-0.6218321603511335,0.7685439554654202,0.15054883882185352],[-0.48742185092526646,0.37145414061669746,-0.7902162746105005],[0.5041488533541634,0.6254877309161188,-0.595482184565657],[0.7211902248641707,0.6254877309161188,0.2977410922828285],[-0.07320835976586976,0.37145414061669746,0.9255605639174035],[1.0,0.0,0.0],[1.0,0.0,0.0],[-1.0,0.0,0.0],[-1.0,0.0,0.0]],"uvs":[[0.0,0.0],[0.0,0.0],[0.0,0.0],[0.0,0.0],[0.0,0.0],[0.0,0.0],[0.0,0.0],[0.0,0.0],[0.0,0.0],[0.0,0.0],[0.0,0.0],[0.0,0.0],[0.0,0.0],[0.0,0.0],[0.0,0.0],[0.0,0.0],[0.0,0.0],[0.0,0.0],[0.0,0.0],[0.0,0.0],[0.0,0.0],[0.0,0.0],[0.0,0.0],[0.0,0.0],[0.0,0.0],[0.0,0.0]],"indices":[0,1,2,0,2,3,0,3,4,0,4,5,6,8,7,6,9,8,6,10,9,6,11,10,0,1,7,0,7,6,1,2,8,1,8,7,2,3,9,2,9,8,3,4,10,3,10,9,4,5,11,4,11,10,5,0,6,5,6,11,12,13,14,12,14,15,12,15,16,17,19,18,17,20,19,17,21,20,12,13,18,12,18,17,13,14,19,13,19,18,14,15,20,14,20,19,15,16,21,15,21,20,16,12,17,16,17,21,22,23,24,22,24,25,22,25,23,23,25,24],"aabb":[-0.18,-0.145,-0.04,0.1,0.205,0.079]}