{"version":1,"vertices":[[-0.25,0.0,-0.15],[0.05,0.0,-0.15],[0.05,0.0,0.15],[-0.25,0.0,0.15],[-0.25,0.28,-0.15],[0.05,0.28,-0.15],[0.05,0.28,0.15],[-0.25,0.28,0.15],[-0.275,0.28,-0.175],[0.075,0.28,-0.175],[-0.275,0.28,0.175],[0.075,0.28,0.175],[-0.275,0.44,0.0],[0.075,0.44,0.0],[0.25,0.0,0.05],[0.2,0.0,0.1366],[0.1,0.0,0.1366],[0.05,0.0,0.05],[0.1,0.0,-0.0366],[0.2,0.0,-0.0366],[0.25,0.5,0.05],[0.2,0.5,0.1366],[0.1,0.5,0.1366],[0.05,0.5,0.05],[0.1,0.5,-0.0366],[0.2,0.5,-0.0366],[0.085,0.5,-0.015],[0.215,0.5,-0.015],[0.215,0.5,0.115],[0.085,0.5,0.115],[0.15,0.6,0.05]],"normals":[[-0.3333333333333333,-0.6666666666666666,-0.6666666666666666],[0.8164965809277261,-0.4082482904638631,-0.4082482904638631],[0.3333333333333333,-0.6666666666666666,0.6666666666666666],[-0.8164965809277261,-0.4082482904638631,0.4082482904638631],[-0.6666666666666666,0.6666666666666666,-0.3333333333333333],[0.4082482904638631,0.4082482904638631,-0.8164965809277261],[0.6666666666666666,0.6666666666666666,0.3333333333333333],[-0.4082482904638631,0.4082482904638631,0.8164965809277261],[0.5683497733310228,0.29778253063553345,0.7670098432242397],[-0.810057275953792,0.21221166692781718,0.5466016996808912],[0.5727969929764287,-0.27268437551330765,-0.7730115369049019],[-0.5727969929764287,0.7228533017079893,-0.38650576845245094],[0.5608827444933205,-0.8278952511819598,0.0],[-0.3208329358290853,-0.9471358019245656,0.0],[-0.5417334023695791,-0.8340592518916468,-0.1042597002250922],[-0.30618313034502775,-0.35355241829337436,-0.8838849349383814],[0.5222280934864936,-0.6030214830739663,-0.6030281165291851],[0.783346840495661,-0.6030251013668945,0.15075959208923423],[0.2611140467432468,-0.6030214830739663,0.7537801705700673],[-0.6123662606900555,-0.35355241829337436,0.7071126149966396],[-0.5417334023695791,0.8340592518916468,0.10425970022509214],[-0.6123662606900554,0.3535524182933743,-0.7071126149966396],[0.2611140467432468,0.6030214830739663,-0.7537801705700673],[0.783346840495661,0.6030251013668945,-0.15075959208923423],[0.5222280934864936,0.6030214830739663,0.603028116529185],[-0.30618313034502775,0.35355241829337436,0.8838849349383814],[0.7050797202531534,-0.07566489394342685,0.7050797202531534],[-0.5609457062991972,0.6088348127111242,0.5609457062991972],[-0.7050797202531534,-0.07566489394342685,-0.7050797202531534],[0.5609457062991973,0.6088348127111242,-0.5609457062991972],[5.0928750284855096e-17,-1.0,0.0]],"uvs":[[0.0,0.0],[0.0,0.0],[0.0,0.0],[0.0,0.0],[0.0,0.0],[0.0,0.0],[0.0,0.0],[0.0,0.0],[0.0,0.0],[0.0,0.0],[0.0,0.0],[0.0,0.0],[0.0,0.0],[0.0,0.0],[0.0,0.0],[0.0,0.0],[0.0,0.0],[0.0,0.0],[0.0,0.0],[0.0,0.0],[0.0,0.0],[0.0,0.0],[0.0,0.0],[0.0,0.0],[0.0,0.0],[0.0,0.0],[0.0,0.0],[0.0,0.0],[0.0,0.0],[0.0,0.0],[0.0,0.0]],"indices":[0,1,2,0,2,3,4,6,5,4,7,6,0,5,1,0,4,5,1,6,2,1,5,6,2,7,3,2,6,7,3,4,0,3,7,4,8,9,13,8,13,12,9,11,13,11,10,13,13,10,12,10,8,12,8,10,11,8,11,9,14,15,16,14,16,17,14,17,18,14,18,19,20,22,21,20,23,22,20,24,23,20,25,24,14,15,21,14,21,20,15,16,22,15,22,21,16,17,23,16,23,22,17,18,24,17,24,23,18,19,25,18,25,24,19,14,20,19,20,25,26,27,30,27,28,30,28,29,30,29,26,30,27,26,29,27,29,28],"aabb":[-0.275,0.0,-0.175,0.25,0.6,0.175]}