{"version":1,"vertices":[[-0.15,0.0,-0.15],[0.15,0.0,-0.15],[0.15,0.0,0.15],[-0.15,0.0,0.15],[-0.15,0.25,-0.15],[0.15,0.25,-0.15],[0.15,0.25,0.15],[-0.15,0.25,0.15],[-0.175,0.25,-0.175],[0.175,0.25,-0.175],[-0.175,0.25,0.175],[0.175,0.25,0.175],[-0.175,0.4,0.0],[0.175,0.4,0.0],[0.085,0.08,0.165],[0.115,0.08,0.165],[0.115,0.08,0.195],[0.085,0.08,0.195],[0.085,0.28,0.165],[0.115,0.28,0.165],[0.115,0.28,0.195],[0.085,0.28,0.195],[0.085,0.08,-0.195],[0.115,0.08,-0.195],[0.115,0.08,-0.165],[0.085,0.08,-0.165],[0.085,0.28,-0.195],[0.115,0.28,-0.195],[0.115,0.28,-0.165],[0.085,0.28,-0.165],[-0.06,0.26,-0.01],[0.26,0.26,-0.01],[0.26,0.26,0.01],[-0.06,0.26,0.01],[-0.06,0.28,-0.01],[0.26,0.28,-0.01],[0.26,0.28,0.01],[-0.06,0.28,0.01]],"normals":[[-0.3333333333333333,-0.6666666666666666,-0.6666666666666666],[0.8164965809277261,-0.4082482904638631,-0.4082482904638631],[0.3333333333333333,-0.6666666666666666,0.6666666666666666],[-0.8164965809277261,-0.4082482904638631,0.4082482904638631],[-0.6666666666666666,0.6666666666666666,-0.3333333333333333],[0.4082482904638631,0.4082482904638631,-0.8164965809277261],[0.6666666666666666,0.6666666666666666,0.3333333333333333],[-0.4082482904638631,0.4082482904638631,0.8164965809277261],[0.584610698790809,0.28148233184099525,0.7609191992062481],[-0.8215823628304472,0.1977905294645496,0.5346787143136266],[0.5809464600606757,-0.30122841078295437,-0.7561498892945402],[-0.5809464600606756,0.7208054846995363,-0.37807494464727004],[0.5499919119431185,-0.835169980780651,0.0],[-0.312751624817901,-0.9498349441738616,0.0],[-0.3333333333333333,-0.6666666666666666,-0.6666666666666666],[0.8164965809277261,-0.4082482904638631,-0.4082482904638631],[0.3333333333333333,-0.6666666666666666,0.6666666666666666],[-0.8164965809277261,-0.4082482904638631,0.4082482904638631],[-0.6666666666666666,0.6666666666666666,-0.3333333333333333],[0.4082482904638631,0.4082482904638631,-0.8164965809277261],[0.6666666666666666,0.6666666666666666,0.3333333333333333],[-0.4082482904638631,0.4082482904638631,0.8164965809277261],[-0.3333333333333333,-0.6666666666666666,-0.6666666666666666],[0.8164965809277261,-0.4082482904638631,-0.4082482904638631],[0.3333333333333333,-0.6666666666666666,0.6666666666666666],[-0.8164965809277261,-0.4082482904638631,0.4082482904638631],[-0.6666666666666666,0.6666666666666666,-0.3333333333333333],[0.4082482904638631,0.4082482904638631,-0.8164965809277261],[0.6666666666666666,0.6666666666666666,0.3333333333333333],[-0.4082482904638631,0.4082482904638631,0.8164965809277261],[-0.3333333333333333,-0.6666666666666666,-0.6666666666666666],[0.8164965809277261,-0.4082482904638631,-0.4082482904638631],[0.3333333333333333,-0.6666666666666666,0.6666666666666666],[-0.8164965809277261,-0.4082482904638631,0.4082482904638631],[-0.6666666666666666,0.6666666666666666,-0.3333333333333333],[0.4082482904638631,0.4082482904638631,-0.8164965809277261],[0.6666666666666666,0.6666666666666666,0.3333333333333333],[-0.4082482904638631,0.4082482904638631,0.8164965809277261]],"uvs":[[0.05747126436781608,0.11538461538461542],[0.7471264367816091,0.11538461538461542],[0.7471264367816091,0.8846153846153845],[0.05747126436781608,0.8846153846153845],[0.05747126436781608,0.11538461538461542],[0.7471264367816091,0.11538461538461542],[0.7471264367816091,0.8846153846153845],[0.05747126436781608,0.8846153846153845],[0.0,0.05128205128205133],[0.8045977011494252,0.05128205128205133],[0.0,0.9487179487179487],[0.8045977011494252,0.9487179487179487],[0.0,0.5],[0.8045977011494252,0.5],[0.5977011494252874,0.923076923076923],[0.6666666666666666,0.923076923076923],[0.6666666666666666,1.0],[0.5977011494252874,1.0],[0.5977011494252874,0.923076923076923],[0.6666666666666666,0.923076923076923],[0.6666666666666666,1.0],[0.5977011494252874,1.0],[0.5977011494252874,0.0],[0.6666666666666666,0.0],[0.6666666666666666,0.07692307692307691],[0.5977011494252874,0.07692307692307691],[0.5977011494252874,0.0],[0.6666666666666666,0.0],[0.6666666666666666,0.07692307692307691],[0.5977011494252874,0.07692307692307691],[0.264367816091954,0.47435897435897434],[1.0,0.47435897435897434],[1.0,0.5256410256410257],[0.264367816091954,0.5256410256410257],[0.264367816091954,0.47435897435897434],[1.0,0.47435897435897434],[1.0,0.5256410256410257],[0.264367816091954,0.5256410256410257]],"indices":[0,1,2,0,2,3,4,6,5,4,7,6,0,5,1,0,4,5,1,6,2,1,5,6,2,7,3,2,6,7,3,4,0,3,7,4,8,9,13,8,13,12,9,11,13,11,10,13,13,10,12,10,8,12,8,10,11,8,11,9,14,15,16,14,16,17,18,20,19,18,21,20,14,19,15,14,18,19,15,20,16,15,19,20,16,21,17,16,20,21,17,18,14,17,21,18,22,23,24,22,24,25,26,28,27,26,29,28,22,27,23,22,26,27,23,28,24,23,27,28,24,29,25,24,28,29,25,26,22,25,29,26,30,31,32,30,32,33,34,36,35,34,37,36,30,35,31,30,34,35,31,36,32,31,35,36,32,37,33,32,36,37,33,34,30,33,37,34],"aabb":[-0.175,0.0,-0.195,0.26,0.4,0.195],"material":{"diffuse":[0.45,0.58,0.35],"roughness":0.85,"metallic":0.0}}