{"version":1,"vertices":[[0.02,0.0,0.0],[0.01,0.0,0.0173],[-0.01,0.0,0.0173],[-0.02,0.0,0.0],[-0.01,0.0,-0.0173],[0.01,0.0,-0.0173],[0.02,0.6,0.0],[0.01,0.6,0.0173],[-0.01,0.6,0.0173],[-0.02,0.6,0.0],[-0.01,0.6,-0.0173],[0.01,0.6,-0.0173],[0.02,0.55,0.0],[0.22,0.52,0.06],[0.22,0.45,0.0],[0.22,0.52,-0.06],[0.03,0.6,0.0],[0.0093,0.6,0.0285],[-0.0243,0.6,0.0176],[-0.0243,0.6,-0.0176],[0.0093,0.6,-0.0285],[0.03,0.64,0.0],[0.0093,0.64,0.0285],[-0.0243,0.64,0.0176],[-0.0243,0.64,-0.0176],[0.0093,0.64,-0.0285]],"normals":[[-0.5416176411443092,-0.8341221456555157,-0.10435792700275709],[-0.306061466169381,-0.35351412251496894,-0.8839423873243778],[0.5220360030286295,-0.6029739772263761,-0.6032419036586386],[0.7832438864918622,-0.6031201917572747,0.1509140436400505],[0.26101800151431476,-0.6029739772263761,0.7538514347491014],[-0.612122932338762,-0.35351412251496894,0.7073424071038488],[-0.5416176411443092,0.8341221456555157,0.10435792700275709],[-0.612122932338762,0.35351412251496894,-0.7073424071038488],[0.26101800151431476,0.6029739772263761,-0.7538514347491014],[0.7832438864918622,0.6031201917572747,-0.1509140436400505],[0.5220360030286295,0.6029739772263761,0.6032419036586386],[-0.306061466169381,0.35351412251496894,0.8839423873243778],[0.8840407621971729,0.4674098103097984,0.0],[-0.7188304893017232,-0.3171092077109567,-0.618647296959402],[-0.29430788942730435,0.9557106603051183,0.0],[-0.7188304893017232,-0.3171092077109567,0.618647296959402],[-0.6218321603511338,-0.7685439554654201,-0.1505488388218534],[-0.07135344978781649,-0.3717170222606869,-0.9255998814633812],[0.7216303758814292,-0.625174153890564,-0.2973329411828507],[0.5054995209270126,-0.625174153890564,0.5946658823657014],[-0.48681344390890857,-0.371717022260687,0.7904676629636382],[-0.6218321603511338,0.7685439554654201,0.1505488388218534],[-0.48681344390890857,0.371717022260687,-0.7904676629636382],[0.5054995209270126,0.625174153890564,-0.5946658823657014],[0.7216303758814292,0.625174153890564,0.2973329411828507],[-0.07135344978781652,0.3717170222606869,0.9255998814633812]],"uvs":[[0.0,0.0],[0.0,0.0],[0.0,0.0],[0.0,0.0],[0.0,0.0],[0.0,0.0],[0.0,0.0],[0.0,0.0],[0.0,0.0],[0.0,0.0],[0.0,0.0],[0.0,0.0],[0.0,0.0],[0.0,0.0],[0.0,0.0],[0.0,0.0],[0.0,0.0],[0.0,0.0],[0.0,0.0],[0.0,0.0],[0.0,0.0],[0.0,0.0],[0.0,0.0],[0.0,0.0],[0.0,0.0],[0.0,0.0]],"indices":[0,1,2,0,2,3,0,3,4,0,4,5,6,8,7,6,9,8,6,10,9,6,11,10,0,1,7,0,7,6,1,2,8,1,8,7,2,3,9,2,9,8,3,4,10,3,10,9,4,5,11,4,11,10,5,0,6,5,6,11,12,13,14,12,14,15,12,15,13,13,15,14,16,17,18,16,18,19,16,19,20,21,23,22,21,24,23,21,25,24,16,17,22,16,22,21,17,18,23,17,23,22,18,19,24,18,24,23,19,20,25,19,25,24,20,16,21,20,21,25],"aabb":[-0.0243,0.0,-0.06,0.22,0.64,0.06]}