{"version":1,"vertices":[[-0.06,0.0,-0.05],[0.06,0.0,-0.05],[0.06,0.0,0.05],[-0.06,0.0,0.05],[-0.06,0.06,-0.05],[0.06,0.06,-0.05],[0.06,0.06,0.05],[-0.06,0.06,0.05],[0.0,0.0,-0.11],[0.08,0.0,-0.11],[0.08,0.0,0.01],[0.0,0.0,0.01],[0.0,0.05,-0.11],[0.08,0.05,-0.11],[0.08,0.05,0.01],[0.0,0.05,0.01],[-0.09,0.0,0.0],[0.01,0.0,0.0],[0.01,0.0,0.08],[-0.09,0.0,0.08],[-0.09,0.04,0.0],[0.01,0.04,0.0],[0.01,0.04,0.08],[-0.09,0.04,0.08],[0.04,0.06,0.0],[0.02,0.06,0.0346],[-0.02,0.06,0.0346],[-0.04,0.06,0.0],[-0.02,0.06,-0.0346],[0.02,0.06,-0.0346],[0.0,0.26,0.0],[0.03,0.15,0.02],[0.0093,0.15,0.0485],[-0.0243,0.15,0.0376],[-0.0243,0.15,0.0024],[0.0093,0.15,-0.0085],[0.0,0.27,0.02]],"normals":[[-0.3333333333333333,-0.6666666666666666,-0.6666666666666666],[0.8164965809277261,-0.4082482904638631,-0.4082482904638631],[0.3333333333333333,-0.6666666666666666,0.6666666666666666],[-0.8164965809277261,-0.4082482904638631,0.4082482904638631],[-0.6666666666666666,0.6666666666666666,-0.3333333333333333],[0.4082482904638631,0.4082482904638631,-0.8164965809277261],[0.6666666666666666,0.6666666666666666,0.3333333333333333],[-0.4082482904638631,0.4082482904638631,0.8164965809277261],[-0.3333333333333333,-0.6666666666666666,-0.6666666666666666],[0.8164965809277261,-0.4082482904638631,-0.4082482904638631],[0.3333333333333333,-0.6666666666666666,0.6666666666666666],[-0.8164965809277261,-0.4082482904638631,0.4082482904638631],[-0.6666666666666666,0.6666666666666666,-0.3333333333333333],[0.4082482904638631,0.4082482904638631,-0.8164965809277261],[0.6666666666666666,0.6666666666666666,0.3333333333333333],[-0.4082482904638631,0.4082482904638631,0.8164965809277261],[-0.3333333333333333,-0.6666666666666666,-0.6666666666666666],[0.8164965809277261,-0.4082482904638631,-0.4082482904638631],[0.3333333333333333,-0.6666666666666666,0.6666666666666666],[-0.8164965809277261,-0.4082482904638631,0.4082482904638631],[-0.6666666666666666,0.6666666666666666,-0.3333333333333333],[0.4082482904638631,0.4082482904638631,-0.8164965809277261],[0.6666666666666666,0.6666666666666666,0.3333333333333333],[-0.4082482904638631,0.4082482904638631,0.8164965809277261],[0.0,1.0,0.0],[0.0,1.0,0.0],[0.0,1.0,0.0],[0.0,1.0,0.0],[0.0,1.0,0.0],[0.0,1.0,0.0],[0,1,0],[0.0,1.0,0.0],[0.0,1.0,0.0],[0.0,1.0,0.0],[0.0,1.0,0.0],[0.0,1.0,0.0],[0,1,0]],"uvs":[[0.17647058823529413,0.3157894736842105],[0.8823529411764707,0.3157894736842105],[0.8823529411764707,0.8421052631578947],[0.17647058823529413,0.8421052631578947],[0.17647058823529413,0.3157894736842105],[0.8823529411764707,0.3157894736842105],[0.8823529411764707,0.8421052631578947],[0.17647058823529413,0.8421052631578947],[0.5294117647058824,0.0],[1.0,0.0],[1.0,0.631578947368421],[0.5294117647058824,0.631578947368421],[0.5294117647058824,0.0],[1.0,0.0],[1.0,0.631578947368421],[0.5294117647058824,0.631578947368421],[0.0,0.5789473684210527],[0.5882352941176471,0.5789473684210527],[0.5882352941176471,1.0],[0.0,1.0],[0.0,0.5789473684210527],[0.5882352941176471,0.5789473684210527],[0.5882352941176471,1.0],[0.0,1.0],[0.7647058823529412,0.5789473684210527],[0.6470588235294118,0.7610526315789474],[0.4117647058823529,0.7610526315789474],[0.29411764705882354,0.5789473684210527],[0.4117647058823529,0.3968421052631579],[0.6470588235294118,0.3968421052631579],[0.5294117647058824,0.5789473684210527],[0.7058823529411765,0.6842105263157895],[0.5841176470588236,0.8342105263157895],[0.3864705882352941,0.7768421052631579],[0.3864705882352941,0.5915789473684211],[0.5841176470588236,0.5342105263157895],[0.5294117647058824,0.6842105263157895]],"indices":[0,1,2,0,2,3,4,6,5,4,7,6,0,5,1,0,4,5,1,6,2,1,5,6,2,7,3,2,6,7,3,4,0,3,7,4,8,9,10,8,10,11,12,14,13,12,15,14,8,13,9,8,12,13,9,14,10,9,13,14,10,15,11,10,14,15,11,12,8,11,15,12,16,17,18,16,18,19,20,22,21,20,23,22,16,21,17,16,20,21,17,22,18,17,21,22,18,23,19,18,22,23,19,20,16,19,23,20,24,25,30,25,24,30,25,26,30,26,25,30,26,27,30,27,26,30,27,28,30,28,27,30,28,29,30,29,28,30,29,24,30,24,29,30,24,26,25,24,27,26,24,28,27,24,29,28,31,32,36,32,31,36,32,33,36,33,32,36,33,34,36,34,33,36,34,35,36,35,34,36,35,31,36,31,35,36,31,33,32,31,34,33,31,35,34],"aabb":[-0.09,0.0,-0.11,0.08,0.27,0.08],"material":{"diffuse":[0.3,0.7,0.85],"roughness":0.3,"metallic":0.1}}