{"version":1,"vertices":[[0,0,0],[0,0.55,0],[0.12,0,0.0],[0.08485281374238571,0,0.0848528137423857],[7.347880794884118e-18,0,0.12],[-0.0848528137423857,0,0.08485281374238571],[-0.12,0,1.4695761589768237e-17],[-0.08485281374238572,0,-0.0848528137423857],[-2.2043642384652355e-17,0,-0.12],[0.08485281374238568,0,-0.08485281374238572],[0.12,0.55,0.0],[0.08485281374238571,0.55,0.0848528137423857],[7.347880794884118e-18,0.55,0.12],[-0.0848528137423857,0.55,0.08485281374238571],[-0.12,0.55,1.4695761589768237e-17],[-0.08485281374238572,0.55,-0.0848528137423857],[-2.2043642384652355e-17,0.55,-0.12],[0.08485281374238568,0.55,-0.08485281374238572],[0.08,0.55,0.0],[0.16,0.55,0.0],[0.08,0.63,0.0],[0.16,0.63,0.0],[4.898587196589413e-18,0.55,0.08],[9.797174393178826e-18,0.55,0.16],[4.898587196589413e-18,0.63,0.08],[9.797174393178826e-18,0.63,0.16],[-0.08,0.55,9.797174393178826e-18],[-0.16,0.55,1.959434878635765e-17],[-0.08,0.63,9.797174393178826e-18],[-0.16,0.63,1.959434878635765e-17],[-1.4695761589768237e-17,0.55,-0.08],[-2.9391523179536474e-17,0.55,-0.16],[-1.4695761589768237e-17,0.63,-0.08],[-2.9391523179536474e-17,0.63,-0.16]],"normals":[[0.0,1.0,0.0],[0.0,1.0,0.0],[0.0,1.0,0.0],[0.0,1.0,0.0],[0.0,1.0,0.0],[0.0,1.0,0.0],[0.0,1.0,0.0],[0.0,1.0,0.0],[0.0,1.0,0.0],[0.0,1.0,0.0],[0.0,1.0,0.0],[0.0,1.0,0.0],[0.0,1.0,0.0],[0.0,1.0,0.0],[0.0,1.0,0.0],[0.0,1.0,0.0],[0.0,1.0,0.0],[0.0,1.0,0.0],[0.0,1.0,0.0],[0.0,1.0,0.0],[0.0,1.0,0.0],[0.0,1.0,0.0],[0.0,1.0,0.0],[0.0,1.0,0.0],[0.0,1.0,0.0],[0.0,1.0,0.0],[0.0,1.0,0.0],[0.0,1.0,0.0],[0.0,1.0,0.0],[0.0,1.0,0.0],[0.0,1.0,0.0],[0.0,1.0,0.0],[0.0,1.0,0.0],[0.0,1.0,0.0]],"uvs":[[0.0,0.0],[0.0,0.0],[0.0,0.0],[0.0,0.0],[0.0,0.0],[0.0,0.0],[0.0,0.0],[0.0,0.0],[0.0,0.0],[0.0,0.0],[0.0,0.0],[0.0,0.0],[0.0,0.0],[0.0,0.0],[0.0,0.0],[0.0,0.0],[0.0,0.0],[0.0,0.0],[0.0,0.0],[0.0,0.0],[0.0,0.0],[0.0,0.0],[0.0,0.0],[0.0,0.0],[0.0,0.0],[0.0,0.0],[0.0,0.0],[0.0,0.0],[0.0,0.0],[0.0,0.0],[0.0,0.0],[0.0,0.0],[0.0,0.0],[0.0,0.0]],"indices":[0,3,2,1,10,11,2,3,10,3,11,10,0,4,3,1,11,12,3,4,11,4,12,11,0,5,4,1,12,13,4,5,12,5,13,12,0,6,5,1,13,14,5,6,13,6,14,13,0,7,6,1,14,15,6,7,14,7,15,14,0,8,7,1,15,16,7,8,15,8,16,15,0,9,8,1,16,17,8,9,16,9,17,16,0,2,9,1,17,10,9,2,17,2,10,17,18,19,20,19,21,20,22,23,24,23,25,24,26,27,28,27,29,28,30,31,32,31,33,32],"aabb":[-0.16,0,-0.16,0.16,0.63,0.16]}