{"version":1,"vertices":[[-0.15,0.0,-0.15],[0.15,0.0,-0.15],[0.15,0.0,0.15],[-0.15,0.0,0.15],[-0.15,0.3,-0.15],[0.15,0.3,-0.15],[0.15,0.3,0.15],[-0.15,0.3,0.15],[-0.19,0.3,-0.19],[0.19,0.3,-0.19],[0,0.48,-0.19],[-0.19,0.3,0.19],[0.19,0.3,0.19],[0,0.48,0.19],[-0.12,0.34,-0.015],[0.12,0.34,-0.015],[0.12,0.34,0.015],[-0.12,0.34,0.015],[-0.12,0.46,-0.015],[0.12,0.46,-0.015],[0.12,0.46,0.015],[-0.12,0.46,0.015],[-0.015,0.34,-0.12],[0.015,0.34,-0.12],[0.015,0.34,0.12],[-0.015,0.34,0.12],[-0.015,0.46,-0.12],[0.015,0.46,-0.12],[0.015,0.46,0.12],[-0.015,0.46,0.12]],"normals":[[-0.333333,-0.666667,-0.666667],[0.816497,-0.408248,-0.408248],[0.333333,-0.666667,0.666667],[-0.816497,-0.408248,0.408248],[-0.666667,0.666667,-0.333333],[0.408248,0.408248,-0.816497],[0.666667,0.666667,0.333333],[-0.408248,0.408248,0.816497],[0.0,0.447214,-0.894427],[0.0,0.447214,-0.894427],[0.0,0.447214,-0.894427],[0.0,0.447214,0.894427],[0.0,0.447214,0.894427],[0.0,0.447214,0.894427],[-0.707107,0.707107,0.0],[0.707107,0.707107,0.0],[0.0,-1.0,0.0],[-0.707107,0.707107,0.0],[-0.333333,-0.666667,-0.666667],[0.816497,-0.408248,-0.408248],[0.333333,-0.666667,0.666667],[-0.816497,-0.408248,0.408248],[-0.666667,0.666667,-0.333333],[0.408248,0.408248,-0.816497],[0.666667,0.666667,0.333333],[-0.408248,0.408248,0.816497],[-0.333333,-0.666667,-0.666667],[0.816497,-0.408248,-0.408248],[0.333333,-0.666667,0.666667],[-0.816497,-0.408248,0.408248],[-0.666667,0.666667,-0.333333],[0.408248,0.408248,-0.816497],[0.666667,0.666667,0.333333],[-0.408248,0.408248,0.816497]],"uvs":[[0.05,0.05],[0.95,0.05],[0.95,0.95],[0.05,0.95],[0.05,0.05],[0.95,0.05],[0.95,0.95],[0.05,0.95],[0.0,0.0],[1.0,0.0],[0.5,1.0],[0.0,0.0],[1.0,0.0],[0.5,1.0],[0.0,0.0],[1.0,0.0],[0.0,0.0],[0.05,0.05],[0.95,0.05],[0.95,0.95],[0.05,0.95],[0.05,0.05],[0.95,0.05],[0.95,0.95],[0.05,0.95],[0.05,0.05],[0.95,0.05],[0.95,0.95],[0.05,0.95],[0.05,0.05],[0.95,0.05],[0.95,0.95],[0.05,0.95]],"indices":[0,1,2,0,2,3,4,6,5,4,7,6,0,5,1,0,4,5,1,6,2,1,5,6,2,7,3,2,6,7,3,4,0,3,7,4,8,9,10,11,13,12,8,10,13,8,13,11,9,12,13,9,13,10,8,11,12,8,12,9,14,15,16,14,16,17,18,20,19,18,21,20,14,19,15,14,18,19,15,20,16,15,19,20,16,21,17,16,20,21,17,18,14,17,21,18,22,23,24,22,24,25,26,28,27,26,29,28,22,27,23,22,26,27,23,28,24,23,27,28,24,29,25,24,28,29,25,26,22,25,29,26],"aabb":[-0.19,0.0,-0.19,0.19,0.48,0.19],"material":{"diffuse":[0.42,0.38,0.35],"roughness":0.65,"metallic":0.2}}