{"version":1,"vertices":[[-0.2,0.0,-0.165],[0.2,0.0,-0.165],[0.2,0.0,0.165],[-0.2,0.0,0.165],[-0.2,0.4,-0.165],[0.2,0.4,-0.165],[0.2,0.4,0.165],[-0.2,0.4,0.165],[-0.165,0.38,-0.155],[0.165,0.38,-0.155],[0.165,0.38,0.115],[-0.165,0.38,0.115],[-0.165,0.7,-0.155],[0.165,0.7,-0.155],[0.165,0.7,0.115],[-0.165,0.7,0.115],[-0.09,0.7,-0.09],[0.09,0.7,-0.09],[0.09,0.7,0.07],[-0.09,0.7,0.07],[-0.09,0.94,-0.09],[0.09,0.94,-0.09],[0.09,0.94,0.07],[-0.09,0.94,0.07],[-0.24,0.4,-0.205],[0.24,0.4,-0.205],[0,0.49,-0.205],[-0.24,0.4,0.205],[0.24,0.4,0.205],[0,0.49,0.205],[-0.205,0.7,-0.195],[0.205,0.7,-0.195],[0,0.8,-0.195],[-0.205,0.7,0.155],[0.205,0.7,0.155],[0,0.8,0.155],[-0.13,0.94,-0.13],[0.13,0.94,-0.13],[0,1.06,-0.13],[-0.13,0.94,0.11],[0.13,0.94,0.11],[0,1.06,0.11]],"normals":[[-0.333333,-0.666667,-0.666667],[0.816497,-0.408248,-0.408248],[0.333333,-0.666667,0.666667],[-0.816497,-0.408248,0.408248],[-0.666667,0.666667,-0.333333],[0.408248,0.408248,-0.816497],[0.666667,0.666667,0.333333],[-0.408248,0.408248,0.816497],[-0.333333,-0.666667,-0.666667],[0.816497,-0.408248,-0.408248],[0.333333,-0.666667,0.666667],[-0.816497,-0.408248,0.408248],[-0.666667,0.666667,-0.333333],[0.408248,0.408248,-0.816497],[0.666667,0.666667,0.333333],[-0.408248,0.408248,0.816497],[-0.333333,-0.666667,-0.666667],[0.816497,-0.408248,-0.408248],[0.333333,-0.666667,0.666667],[-0.816497,-0.408248,0.408248],[-0.666667,0.666667,-0.333333],[0.408248,0.408248,-0.816497],[0.666667,0.666667,0.333333],[-0.408248,0.408248,0.816497],[0.0,0.447214,-0.894427],[0.0,0.447214,-0.894427],[0.0,0.447214,-0.894427],[0.0,0.447214,0.894427],[0.0,0.447214,0.894427],[0.0,0.447214,0.894427],[-0.707107,0.707107,0.0],[0.707107,0.707107,0.0],[0.0,-1.0,0.0],[0.0,0.0,0.0],[0.0,0.447214,-0.894427],[0.0,0.447214,-0.894427],[0.0,0.447214,-0.894427],[0.0,0.447214,0.894427],[0.0,0.447214,0.894427],[0.0,0.447214,0.894427],[-0.707107,0.707107,0.0],[0.707107,0.707107,0.0],[0.0,-1.0,0.0],[0.0,0.0,0.0],[0.0,0.447214,-0.894427],[0.0,0.447214,-0.894427],[0.0,0.447214,-0.894427],[0.0,0.447214,0.894427],[0.0,0.447214,0.894427],[0.0,0.447214,0.894427],[-0.707107,0.707107,0.0],[0.707107,0.707107,0.0],[0.0,-1.0,0.0],[0.0,0.0,0.0]],"uvs":[[0.05,0.05],[0.95,0.05],[0.95,0.95],[0.05,0.95],[0.05,0.05],[0.95,0.05],[0.95,0.95],[0.05,0.95],[0.05,0.05],[0.95,0.05],[0.95,0.95],[0.05,0.95],[0.05,0.05],[0.95,0.05],[0.95,0.95],[0.05,0.95],[0.05,0.05],[0.95,0.05],[0.95,0.95],[0.05,0.95],[0.05,0.05],[0.95,0.05],[0.95,0.95],[0.05,0.95],[0.0,0.0],[1.0,0.0],[0.5,1.0],[0.0,0.0],[1.0,0.0],[0.5,1.0],[0.0,0.0],[1.0,0.0],[0.0,0.0],[0.0,0.0],[1.0,0.0],[0.5,1.0],[0.0,0.0],[1.0,0.0],[0.5,1.0],[0.0,0.0],[1.0,0.0],[0.0,0.0],[0.0,0.0],[1.0,0.0],[0.5,1.0],[0.0,0.0],[1.0,0.0],[0.5,1.0],[0.0,0.0],[1.0,0.0],[0.0,0.0]],"indices":[0,1,2,0,2,3,4,6,5,4,7,6,0,5,1,0,4,5,1,6,2,1,5,6,2,7,3,2,6,7,3,4,0,3,7,4,8,9,10,8,10,11,12,14,13,12,15,14,8,13,9,8,12,13,9,14,10,9,13,14,10,15,11,10,14,15,11,12,8,11,15,12,16,17,18,16,18,19,20,22,21,20,23,22,16,21,17,16,20,21,17,22,18,17,21,22,18,23,19,18,22,23,19,20,16,19,23,20,24,25,26,27,29,28,24,26,29,24,29,27,25,28,29,25,29,26,24,27,28,24,28,25,30,31,32,33,35,34,30,32,35,30,35,33,31,34,35,31,35,32,30,33,34,30,34,31,36,37,38,39,41,40,36,38,41,36,41,39,37,40,41,37,41,38,36,39,40,36,40,37],"aabb":[-0.24,0.0,-0.205,0.24,1.06,0.205],"material":{"diffuse":[0.6,0.46,0.32],"roughness":0.6,"metallic":0.1}}