{"version":1,"vertices":[[-0.175,0.0,-0.175],[0.175,0.0,-0.175],[0.175,0.0,0.175],[-0.175,0.0,0.175],[-0.175,0.3,-0.175],[0.175,0.3,-0.175],[0.175,0.3,0.175],[-0.175,0.3,0.175],[-0.2,0.3,-0.2],[0.2,0.3,-0.2],[-0.2,0.3,0.2],[0.2,0.3,0.2],[-0.2,0.5,0.0],[0.2,0.5,0.0],[0.3,-0.06,0.12],[0.275,-0.06,0.1633],[0.225,-0.06,0.1633],[0.2,-0.06,0.12],[0.225,-0.06,0.0767],[0.275,-0.06,0.0767],[0.3,0.14,0.12],[0.275,0.14,0.1633],[0.225,0.14,0.1633],[0.2,0.14,0.12],[0.225,0.14,0.0767],[0.275,0.14,0.0767],[0.3,0.0,0.12],[0.275,0.0,0.1633],[0.225,0.0,0.1633],[0.2,0.0,0.12],[0.225,0.0,0.0767],[0.275,0.0,0.0767],[0.3,0.2,0.12],[0.275,0.2,0.1633],[0.225,0.2,0.1633],[0.2,0.2,0.12],[0.225,0.2,0.0767],[0.275,0.2,0.0767]],"normals":[[-0.3333333333333333,-0.6666666666666666,-0.6666666666666666],[0.8164965809277261,-0.4082482904638631,-0.4082482904638631],[0.3333333333333333,-0.6666666666666666,0.6666666666666666],[-0.8164965809277261,-0.4082482904638631,0.4082482904638631],[-0.6666666666666666,0.6666666666666666,-0.3333333333333333],[0.4082482904638631,0.4082482904638631,-0.8164965809277261],[0.6666666666666666,0.6666666666666666,0.3333333333333333],[-0.4082482904638631,0.4082482904638631,0.8164965809277261],[0.5469181606780271,0.3203772410170408,0.7734590803390136],[-0.7941044877608178,0.23258781949447382,0.5615166682663439],[0.5615166682663439,-0.2325878194944737,-0.7941044877608178],[-0.5615166682663439,0.7259810926522791,-0.39705224388040883],[0.5773502691896258,-0.816496580927726,0.0],[-0.33333333333333337,-0.9428090415820635,0.0],[-0.5417334023695792,-0.8340592518916468,-0.10425970022509207],[-0.30618313034502787,-0.35355241829337436,-0.8838849349383813],[0.5222280934864936,-0.6030214830739663,-0.6030281165291849],[0.7833468404956608,-0.6030251013668945,0.15075959208923423],[0.2611140467432468,-0.6030214830739663,0.7537801705700673],[-0.6123662606900557,-0.35355241829337436,0.7071126149966394],[-0.5417334023695792,0.8340592518916468,0.10425970022509214],[-0.6123662606900557,0.35355241829337436,-0.7071126149966394],[0.2611140467432468,0.6030214830739663,-0.7537801705700673],[0.7833468404956608,0.6030251013668945,-0.15075959208923415],[0.5222280934864936,0.6030214830739663,0.6030281165291851],[-0.30618313034502787,0.35355241829337436,0.8838849349383813],[-0.5417334023695792,-0.8340592518916468,-0.10425970022509207],[-0.30618313034502787,-0.35355241829337436,-0.8838849349383813],[0.5222280934864936,-0.6030214830739663,-0.6030281165291849],[0.7833468404956608,-0.6030251013668945,0.15075959208923423],[0.2611140467432468,-0.6030214830739663,0.7537801705700673],[-0.6123662606900557,-0.35355241829337436,0.7071126149966394],[-0.5417334023695792,0.8340592518916468,0.10425970022509214],[-0.6123662606900557,0.35355241829337436,-0.7071126149966394],[0.2611140467432468,0.6030214830739663,-0.7537801705700673],[0.7833468404956608,0.6030251013668945,-0.15075959208923415],[0.5222280934864936,0.6030214830739663,0.6030281165291851],[-0.30618313034502787,0.35355241829337436,0.8838849349383813]],"uvs":[[0.0,0.0],[0.0,0.0],[0.0,0.0],[0.0,0.0],[0.0,0.0],[0.0,0.0],[0.0,0.0],[0.0,0.0],[0.0,0.0],[0.0,0.0],[0.0,0.0],[0.0,0.0],[0.0,0.0],[0.0,0.0],[0.0,0.0],[0.0,0.0],[0.0,0.0],[0.0,0.0],[0.0,0.0],[0.0,0.0],[0.0,0.0],[0.0,0.0],[0.0,0.0],[0.0,0.0],[0.0,0.0],[0.0,0.0],[0.0,0.0],[0.0,0.0],[0.0,0.0],[0.0,0.0],[0.0,0.0],[0.0,0.0],[0.0,0.0],[0.0,0.0],[0.0,0.0],[0.0,0.0],[0.0,0.0],[0.0,0.0]],"indices":[0,1,2,0,2,3,4,6,5,4,7,6,0,5,1,0,4,5,1,6,2,1,5,6,2,7,3,2,6,7,3,4,0,3,7,4,8,9,13,8,13,12,9,11,13,11,10,13,13,10,12,10,8,12,8,10,11,8,11,9,14,15,16,14,16,17,14,17,18,14,18,19,20,22,21,20,23,22,20,24,23,20,25,24,14,15,21,14,21,20,15,16,22,15,22,21,16,17,23,16,23,22,17,18,24,17,24,23,18,19,25,18,25,24,19,14,20,19,20,25,26,27,28,26,28,29,26,29,30,26,30,31,32,34,33,32,35,34,32,36,35,32,37,36,26,27,33,26,33,32,27,28,34,27,34,33,28,29,35,28,35,34,29,30,36,29,36,35,30,31,37,30,37,36,31,26,32,31,32,37],"aabb":[-0.2,-0.06,-0.2,0.3,0.5,0.2]}