{"version":1,"vertices":[[-0.225,0,-0.2],[0.225,0,-0.2],[0.225,0,0.2],[-0.225,0,0.2],[-0.225,0.35,-0.2],[0.225,0.35,-0.2],[0.225,0.35,0.2],[-0.225,0.35,0.2],[-0.225,0.35,-0.2],[0.225,0.35,-0.2],[0.225,0.35,0.2],[-0.225,0.35,0.2],[0,0.6,-0.2],[0,0.6,0.2]],"normals":[[-0.3333333333333333,-0.6666666666666666,-0.6666666666666666],[0.8164965809277261,-0.4082482904638631,-0.4082482904638631],[0.3333333333333333,-0.6666666666666666,0.6666666666666666],[-0.8164965809277261,-0.4082482904638631,0.4082482904638631],[-0.6666666666666666,0.6666666666666666,-0.3333333333333333],[0.4082482904638631,0.4082482904638631,-0.8164965809277261],[0.6666666666666666,0.6666666666666666,0.3333333333333333],[-0.4082482904638631,0.4082482904638631,0.8164965809277261],[0.5255883312276366,-0.47302949810487305,0.7071067811865475],[-0.6648224953145335,-0.5983402457830803,0.4472135954999579],[-0.5255883312276366,-0.47302949810487305,-0.7071067811865475],[0.6648224953145335,-0.5983402457830803,-0.4472135954999579],[0.31465838776377625,-0.8495776469621961,0.42332956522321846],[-0.31465838776377625,-0.8495776469621961,-0.42332956522321846]],"uvs":[[0.0,0.0],[1.0,0.0],[1.0,1.0],[0.0,1.0],[0.0,0.0],[1.0,0.0],[1.0,1.0],[0.0,1.0],[0.0,0.0],[1.0,0.0],[1.0,1.0],[0.0,1.0],[0.5,0.0],[0.5,1.0]],"indices":[0,1,2,0,2,3,4,6,5,4,7,6,0,5,1,0,4,5,1,6,2,1,5,6,2,7,3,2,6,7,3,4,0,3,7,4,8,9,12,10,11,13,11,8,12,13,11,12,9,10,13,12,9,13],"aabb":[-0.225,0,-0.2,0.225,0.6,0.2],"material":{"diffuse":[0.72,0.65,0.35],"roughness":0.5,"metallic":0.4}}