{"version":1,"vertices":[[-0.175,0.0,-0.15],[0.175,0.0,-0.15],[0.175,0.0,0.15],[-0.175,0.0,0.15],[-0.175,0.36,-0.15],[0.175,0.36,-0.15],[0.175,0.36,0.15],[-0.175,0.36,0.15],[-0.14,0.36,-0.14],[0.14,0.36,-0.14],[0.14,0.36,0.1],[-0.14,0.36,0.1],[-0.14,0.64,-0.14],[0.14,0.64,-0.14],[0.14,0.64,0.1],[-0.14,0.64,0.1],[-0.215,0.36,-0.19],[0.215,0.36,-0.19],[0,0.44,-0.19],[-0.215,0.36,0.19],[0.215,0.36,0.19],[0,0.44,0.19],[-0.18,0.64,-0.18],[0.18,0.64,-0.18],[0,0.78,-0.18],[-0.18,0.64,0.14],[0.18,0.64,0.14],[0,0.78,0.14]],"normals":[[-0.333333,-0.666667,-0.666667],[0.816497,-0.408248,-0.408248],[0.333333,-0.666667,0.666667],[-0.816497,-0.408248,0.408248],[-0.666667,0.666667,-0.333333],[0.408248,0.408248,-0.816497],[0.666667,0.666667,0.333333],[-0.408248,0.408248,0.816497],[-0.333333,-0.666667,-0.666667],[0.816497,-0.408248,-0.408248],[0.333333,-0.666667,0.666667],[-0.816497,-0.408248,0.408248],[-0.666667,0.666667,-0.333333],[0.408248,0.408248,-0.816497],[0.666667,0.666667,0.333333],[-0.408248,0.408248,0.816497],[0.0,0.447214,-0.894427],[0.0,0.447214,-0.894427],[0.0,0.447214,-0.894427],[0.0,0.447214,0.894427],[0.0,0.447214,0.894427],[0.0,0.447214,0.894427],[-0.707107,0.707107,0.0],[0.707107,0.707107,0.0],[0.0,-1.0,0.0],[0.0,0.0,0.0],[0.0,0.447214,-0.894427],[0.0,0.447214,-0.894427],[0.0,0.447214,-0.894427],[0.0,0.447214,0.894427],[0.0,0.447214,0.894427],[0.0,0.447214,0.894427],[-0.707107,0.707107,0.0],[0.707107,0.707107,0.0],[0.0,-1.0,0.0],[0.0,0.0,0.0]],"uvs":[[0.05,0.05],[0.95,0.05],[0.95,0.95],[0.05,0.95],[0.05,0.05],[0.95,0.05],[0.95,0.95],[0.05,0.95],[0.05,0.05],[0.95,0.05],[0.95,0.95],[0.05,0.95],[0.05,0.05],[0.95,0.05],[0.95,0.95],[0.05,0.95],[0.0,0.0],[1.0,0.0],[0.5,1.0],[0.0,0.0],[1.0,0.0],[0.5,1.0],[0.0,0.0],[1.0,0.0],[0.0,0.0],[0.0,0.0],[1.0,0.0],[0.5,1.0],[0.0,0.0],[1.0,0.0],[0.5,1.0],[0.0,0.0],[1.0,0.0],[0.0,0.0]],"indices":[0,1,2,0,2,3,4,6,5,4,7,6,0,5,1,0,4,5,1,6,2,1,5,6,2,7,3,2,6,7,3,4,0,3,7,4,8,9,10,8,10,11,12,14,13,12,15,14,8,13,9,8,12,13,9,14,10,9,13,14,10,15,11,10,14,15,11,12,8,11,15,12,16,17,18,19,21,20,16,18,21,16,21,19,17,20,21,17,21,18,16,19,20,16,20,17,22,23,24,25,27,26,22,24,27,22,27,25,23,26,27,23,27,24,22,25,26,22,26,23],"aabb":[-0.215,0.0,-0.19,0.215,0.78,0.19],"material":{"diffuse":[0.58,0.44,0.3],"roughness":0.6,"metallic":0.1}}