{"version":1,"vertices":[[-0.15,0,-0.175],[0.15,0,-0.175],[0.15,0,0.175],[-0.15,0,0.175],[-0.15,0.3,-0.175],[0.15,0.3,-0.175],[0.15,0.3,0.175],[-0.15,0.3,0.175],[-0.15,0.3,-0.175],[0.15,0.3,-0.175],[0.15,0.3,0.175],[-0.15,0.3,0.175],[0,0.48,-0.175],[0,0.48,0.175]],"normals":[[-0.3333333333333333,-0.6666666666666666,-0.6666666666666666],[0.8164965809277261,-0.4082482904638631,-0.4082482904638631],[0.3333333333333333,-0.6666666666666666,0.6666666666666666],[-0.8164965809277261,-0.4082482904638631,0.4082482904638631],[-0.6666666666666666,0.6666666666666666,-0.3333333333333333],[0.4082482904638631,0.4082482904638631,-0.8164965809277261],[0.6666666666666666,0.6666666666666666,0.3333333333333333],[-0.4082482904638631,0.4082482904638631,0.8164965809277261],[0.5432144762551111,-0.4526787302125927,0.7071067811865475],[-0.6871180011766418,-0.5725983343138682,0.4472135954999579],[-0.5432144762551111,-0.4526787302125927,-0.7071067811865475],[0.6871180011766418,-0.5725983343138682,-0.4472135954999579],[0.3343669275452117,-0.8359173188630293,0.4352481979156489],[-0.3343669275452117,-0.8359173188630293,-0.4352481979156489]],"uvs":[[0.0,0.0],[0.0,0.0],[0.0,0.0],[0.0,0.0],[0.0,0.0],[0.0,0.0],[0.0,0.0],[0.0,0.0],[0.0,0.0],[0.0,0.0],[0.0,0.0],[0.0,0.0],[0.0,0.0],[0.0,0.0]],"indices":[0,1,2,0,2,3,4,6,5,4,7,6,0,5,1,0,4,5,1,6,2,1,5,6,2,7,3,2,6,7,3,4,0,3,7,4,8,9,12,10,11,13,11,8,12,13,11,12,9,10,13,12,9,13],"aabb":[-0.15,0,-0.175,0.15,0.48,0.175]}