{"version":1,"vertices":[[-0.225,0.0,-0.125],[0.225,0.0,-0.125],[0.225,0.0,0.325],[-0.225,0.0,0.325],[-0.225,0.35,-0.125],[0.225,0.35,-0.125],[0.225,0.35,0.325],[-0.225,0.35,0.325],[0.2,0.0,-0.125],[-0.2,0.0,-0.125],[0.0,0.25,-0.15],[-0.25,0.35,-0.15],[0.25,0.35,-0.15],[-0.25,0.35,0.35],[0.25,0.35,0.35],[-0.25,0.5,0.1],[0.25,0.5,0.1]],"normals":[[-0.3333333333333333,-0.6666666666666666,-0.6666666666666666],[0.8164965809277261,-0.4082482904638631,-0.4082482904638631],[0.3333333333333333,-0.6666666666666666,0.6666666666666666],[-0.8164965809277261,-0.4082482904638631,0.4082482904638631],[-0.6666666666666666,0.6666666666666666,-0.3333333333333333],[0.4082482904638631,0.4082482904638631,-0.8164965809277261],[0.6666666666666666,0.6666666666666666,0.3333333333333333],[-0.4082482904638631,0.4082482904638631,0.8164965809277261],[0.0,-0.0995037190209989,-0.9950371902099892],[0.0,-0.0995037190209989,-0.9950371902099892],[0.0,-0.0995037190209989,-0.9950371902099892],[0.6835768881696472,0.1948290847671597,0.703394814943281],[-0.8821573262709215,0.12571365962811368,0.4538661999856848],[0.6237794274795623,-0.44599346505792903,-0.641863735522495],[-0.6237794274795623,0.712672408690379,-0.3209318677612475],[0.5037175233040658,-0.8638684255813601,-5.592387922793327e-17],[-0.27989464772461226,-0.9600307214746386,-6.214909647464234e-17]],"uvs":[[0.04999999999999999,0.04999999999999999],[0.95,0.04999999999999999],[0.95,0.95],[0.04999999999999999,0.95],[0.04999999999999999,0.04999999999999999],[0.95,0.04999999999999999],[0.95,0.95],[0.04999999999999999,0.95],[0.9,0.04999999999999999],[0.09999999999999998,0.04999999999999999],[0.5,0.0],[0.0,0.0],[1.0,0.0],[0.0,1.0],[1.0,1.0],[0.0,0.5],[1.0,0.5]],"indices":[0,1,2,0,2,3,4,6,5,4,7,6,0,5,1,0,4,5,1,6,2,1,5,6,2,7,3,2,6,7,3,4,0,3,7,4,8,9,10,11,12,16,11,16,15,12,14,16,14,13,16,16,13,15,13,11,15,11,13,14,11,14,12],"aabb":[-0.25,0.0,-0.15,0.25,0.5,0.35],"material":{"diffuse":[0.38,0.36,0.4],"roughness":0.7,"metallic":0.3}}