{"version":1,"vertices":[[0.012,0.0,0.03],[0.0037,0.0,0.0414],[-0.0097,0.0,0.0371],[-0.0097,0.0,0.0229],[0.0037,0.0,0.0186],[0.012,0.06,0.03],[0.0037,0.06,0.0414],[-0.0097,0.06,0.0371],[-0.0097,0.06,0.0229],[0.0037,0.06,0.0186],[0.04,0.06,0.03],[0.02,0.06,0.0646],[-0.02,0.06,0.0646],[-0.04,0.06,0.03],[-0.02,0.06,-0.0046],[0.02,0.06,-0.0046],[0.0,0.09,0.03],[-0.048,0.0,-0.04],[-0.0563,0.0,-0.0286],[-0.0697,0.0,-0.0329],[-0.0697,0.0,-0.0471],[-0.0563,0.0,-0.0514],[-0.048,0.04,-0.04],[-0.0563,0.04,-0.0286],[-0.0697,0.04,-0.0329],[-0.0697,0.04,-0.0471],[-0.0563,0.04,-0.0514],[-0.025,0.04,-0.04],[-0.0425,0.04,-0.0097],[-0.0775,0.04,-0.0097],[-0.095,0.04,-0.04],[-0.0775,0.04,-0.0703],[-0.0425,0.04,-0.0703],[-0.06,0.065,-0.04],[0.062,0.0,-0.02],[0.0537,0.0,-0.0086],[0.0403,0.0,-0.0129],[0.0403,0.0,-0.0271],[0.0537,0.0,-0.0314],[0.062,0.03,-0.02],[0.0537,0.03,-0.0086],[0.0403,0.03,-0.0129],[0.0403,0.03,-0.0271],[0.0537,0.03,-0.0314],[0.075,0.03,-0.02],[0.0625,0.03,0.0017],[0.0375,0.03,0.0017],[0.025,0.03,-0.02],[0.0375,0.03,-0.0417],[0.0625,0.03,-0.0417],[0.05,0.05,-0.02]],"normals":[[-0.6214915993130531,-0.7687643030127262,-0.1508298325818228],[-0.07326813542283542,-0.37129546156797444,-0.9256195009563518],[0.7211112431181517,-0.6255440302484129,-0.29781410522197704],[0.5039064408636842,-0.6255440302484129,0.595628210443954],[-0.48688327151141253,-0.37129546156797444,0.7906227672799266],[-0.6214915993130531,0.7687643030127262,0.1508298325818228],[-0.4868832715114126,0.37129546156797444,-0.7906227672799266],[0.5039064408636841,0.6255440302484129,-0.5956282104439541],[0.7211112431181517,0.6255440302484128,0.297814105221977],[-0.07326813542283529,0.3712954615679745,0.9256195009563518],[0.0,1.0,0.0],[0.0,1.0,0.0],[0.0,1.0,0.0],[0.0,1.0,0.0],[0.0,1.0,0.0],[0.0,1.0,0.0],[0,1,0],[-0.621491599313053,-0.7687643030127264,-0.15082983258182286],[-0.07326813542283528,-0.37129546156797444,-0.9256195009563518],[0.7211112431181517,-0.6255440302484129,-0.29781410522197704],[0.5039064408636842,-0.6255440302484129,0.5956282104439541],[-0.4868832715114124,-0.37129546156797444,0.7906227672799266],[-0.621491599313053,0.7687643030127264,0.15082983258182286],[-0.4868832715114124,0.37129546156797444,-0.7906227672799266],[0.5039064408636842,0.6255440302484129,-0.5956282104439541],[0.7211112431181517,0.6255440302484129,0.29781410522197704],[-0.07326813542283528,0.37129546156797444,0.9256195009563518],[0.0,1.0,0.0],[0.0,1.0,0.0],[0.0,1.0,0.0],[0.0,1.0,0.0],[0.0,1.0,0.0],[0.0,1.0,0.0],[0,1,0],[-0.621491599313053,-0.7687643030127264,-0.15082983258182278],[-0.0732681354228352,-0.37129546156797444,-0.9256195009563518],[0.7211112431181517,-0.6255440302484128,-0.297814105221977],[0.5039064408636842,-0.6255440302484129,0.5956282104439541],[-0.4868832715114124,-0.37129546156797444,0.7906227672799266],[-0.621491599313053,0.7687643030127264,0.15082983258182295],[-0.4868832715114124,0.3712954615679745,-0.7906227672799268],[0.5039064408636842,0.6255440302484128,-0.595628210443954],[0.7211112431181517,0.6255440302484129,0.29781410522197704],[-0.07326813542283528,0.37129546156797444,0.9256195009563518],[0.0,1.0,0.0],[0.0,1.0,0.0],[0.0,1.0,0.0],[0.0,1.0,0.0],[0.0,1.0,0.0],[0.0,1.0,0.0],[0,1,0]],"uvs":[[0.6294117647058824,0.74351371386212],[0.5805882352941176,0.8280207561156411],[0.501764705882353,0.7961452928094883],[0.501764705882353,0.6908821349147516],[0.5805882352941176,0.6590066716085989],[0.6294117647058824,0.74351371386212],[0.5805882352941176,0.8280207561156411],[0.501764705882353,0.7961452928094883],[0.501764705882353,0.6908821349147516],[0.5805882352941176,0.6590066716085989],[0.7941176470588237,0.74351371386212],[0.6764705882352942,1.0],[0.44117647058823534,1.0],[0.3235294117647059,0.74351371386212],[0.44117647058823534,0.4870274277242402],[0.6764705882352942,0.4870274277242402],[0.5588235294117647,0.74351371386212],[0.27647058823529413,0.22461082283172717],[0.22764705882352942,0.3091178650852483],[0.14882352941176474,0.2772424017790956],[0.14882352941176474,0.17197924388435876],[0.22764705882352942,0.14010378057820605],[0.27647058823529413,0.22461082283172717],[0.22764705882352942,0.3091178650852483],[0.14882352941176474,0.2772424017790956],[0.14882352941176474,0.17197924388435876],[0.22764705882352942,0.14010378057820605],[0.41176470588235303,0.22461082283172717],[0.3088235294117647,0.44922164566345435],[0.10294117647058826,0.44922164566345435],[0.0,0.22461082283172717],[0.10294117647058826,0.0],[0.3088235294117647,0.0],[0.20588235294117652,0.22461082283172717],[0.9235294117647059,0.37286879169755366],[0.8747058823529412,0.45737583395107484],[0.7958823529411766,0.4255003706449221],[0.7958823529411766,0.3202372127501853],[0.8747058823529412,0.2883617494440326],[0.9235294117647059,0.37286879169755366],[0.8747058823529412,0.45737583395107484],[0.7958823529411766,0.4255003706449221],[0.7958823529411766,0.3202372127501853],[0.8747058823529412,0.2883617494440326],[1.0,0.37286879169755366],[0.9264705882352942,0.5337286879169754],[0.7794117647058825,0.5337286879169754],[0.7058823529411765,0.37286879169755366],[0.7794117647058825,0.21200889547813193],[0.9264705882352942,0.21200889547813193],[0.8529411764705884,0.37286879169755366]],"indices":[0,1,2,0,2,3,0,3,4,5,7,6,5,8,7,5,9,8,0,1,6,0,6,5,1,2,7,1,7,6,2,3,8,2,8,7,3,4,9,3,9,8,4,0,5,4,5,9,10,11,16,11,10,16,11,12,16,12,11,16,12,13,16,13,12,16,13,14,16,14,13,16,14,15,16,15,14,16,15,10,16,10,15,16,10,12,11,10,13,12,10,14,13,10,15,14,17,18,19,17,19,20,17,20,21,22,24,23,22,25,24,22,26,25,17,18,23,17,23,22,18,19,24,18,24,23,19,20,25,19,25,24,20,21,26,20,26,25,21,17,22,21,22,26,27,28,33,28,27,33,28,29,33,29,28,33,29,30,33,30,29,33,30,31,33,31,30,33,31,32,33,32,31,33,32,27,33,27,32,33,27,29,28,27,30,29,27,31,30,27,32,31,34,35,36,34,36,37,34,37,38,39,41,40,39,42,41,39,43,42,34,35,40,34,40,39,35,36,41,35,41,40,36,37,42,36,42,41,37,38,43,37,43,42,38,34,39,38,39,43,44,45,50,45,44,50,45,46,50,46,45,50,46,47,50,47,46,50,47,48,50,48,47,50,48,49,50,49,48,50,49,44,50,44,49,50,44,46,45,44,47,46,44,48,47,44,49,48],"aabb":[-0.095,0.0,-0.0703,0.075,0.09,0.0646],"material":{"diffuse":[0.72,0.65,0.35],"roughness":0.5,"metallic":0.4}}