{"version":1,"vertices":[[-0.175,0,-0.175],[0.175,0,-0.175],[0.175,0,0.175],[-0.175,0,0.175],[-0.175,0.1,-0.175],[0.175,0.1,-0.175],[0.175,0.1,0.175],[-0.175,0.1,0.175],[0,0.1,0],[0,0.30000000000000004,0],[0.05,0.1,0.0],[0.02500000000000001,0.1,0.04330127018922193],[-0.02499999999999999,0.1,0.04330127018922194],[-0.05,0.1,6.123233995736766e-18],[-0.025000000000000022,0.1,-0.04330127018922192],[0.02500000000000001,0.1,-0.04330127018922193],[0.02,0.30000000000000004,0.0],[0.010000000000000002,0.30000000000000004,0.017320508075688773],[-0.009999999999999995,0.30000000000000004,0.017320508075688773],[-0.02,0.30000000000000004,2.4492935982947064e-18],[-0.010000000000000009,0.30000000000000004,-0.01732050807568877],[0.010000000000000002,0.30000000000000004,-0.017320508075688773]],"normals":[[-0.3333333333333333,-0.6666666666666666,-0.6666666666666666],[0.8164965809277261,-0.4082482904638631,-0.4082482904638631],[0.3333333333333333,-0.6666666666666666,0.6666666666666666],[-0.8164965809277261,-0.4082482904638631,0.4082482904638631],[-0.6666666666666666,0.6666666666666666,-0.3333333333333333],[0.4082482904638631,0.4082482904638631,-0.8164965809277261],[0.6666666666666666,0.6666666666666666,0.3333333333333333],[-0.4082482904638631,0.4082482904638631,0.8164965809277261],[0.0,1.0,0.0],[0.0,-1.0,0.0],[-0.8364616490320675,0.5238494790724018,0.1609771194118208],[-0.5576410993547118,0.5238494790724018,-0.6439084776472832],[0.2788205496773558,0.5238494790724018,-0.8048855970591042],[0.8364616490320675,0.5238494790724018,-0.16097711941182105],[0.5576410993547118,0.5238494790724018,0.6439084776472831],[-0.27882054967735576,0.5238494790724018,0.8048855970591042],[-0.7264307682537438,-0.6728698484617054,-0.13980166653297516],[-0.24214358941791464,-0.6728698484617055,-0.6990083326648759],[0.48428717883582895,-0.6728698484617055,-0.559206666131901],[0.7264307682537438,-0.6728698484617056,0.139801666532975],[0.2421435894179147,-0.6728698484617055,0.6990083326648759],[-0.4842871788358291,-0.6728698484617056,0.5592066661319008]],"uvs":[[0.0,0.0],[1.0,0.0],[1.0,1.0],[0.0,1.0],[0.0,0.0],[1.0,0.0],[1.0,1.0],[0.0,1.0],[0.5,0.5],[0.5,0.5],[0.6428571428571428,0.5],[0.5714285714285715,0.6237179148263483],[0.4285714285714286,0.6237179148263484],[0.35714285714285715,0.5],[0.4285714285714285,0.37628208517365164],[0.5714285714285715,0.37628208517365164],[0.5571428571428572,0.5],[0.5285714285714286,0.5494871659305394],[0.4714285714285714,0.5494871659305394],[0.4428571428571429,0.5],[0.4714285714285714,0.45051283406946063],[0.5285714285714286,0.45051283406946063]],"indices":[0,1,2,0,2,3,4,6,5,4,7,6,0,5,1,0,4,5,1,6,2,1,5,6,2,7,3,2,6,7,3,4,0,3,7,4,8,11,10,9,16,17,10,11,16,11,17,16,8,12,11,9,17,18,11,12,17,12,18,17,8,13,12,9,18,19,12,13,18,13,19,18,8,14,13,9,19,20,13,14,19,14,20,19,8,15,14,9,20,21,14,15,20,15,21,20,8,10,15,9,21,16,15,10,21,10,16,21],"aabb":[-0.175,0,-0.175,0.175,0.30000000000000004,0.175],"material":{"diffuse":[0.72,0.65,0.35],"roughness":0.5,"metallic":0.4}}