{"version":1,"vertices":[[-0.15,0,-0.15],[0.15,0,-0.15],[0.15,0,0.15],[-0.15,0,0.15],[-0.15,0.15,-0.15],[0.15,0.15,-0.15],[0.15,0.15,0.15],[-0.15,0.15,0.15],[0.12,0.15,0.0],[0.08485281374238571,0.15,0.0848528137423857],[0.08196152422706633,0.18105828541230248,0.08196152422706632],[0.1159110991546882,0.18105828541230248,0.0],[0.08485281374238571,0.15,0.0848528137423857],[7.347880794884118e-18,0.15,0.12],[7.097507828272019e-18,0.18105828541230248,0.1159110991546882],[0.08196152422706633,0.18105828541230248,0.08196152422706632],[7.347880794884118e-18,0.15,0.12],[-0.0848528137423857,0.15,0.08485281374238571],[-0.08196152422706632,0.18105828541230248,0.08196152422706633],[7.097507828272019e-18,0.18105828541230248,0.1159110991546882],[-0.0848528137423857,0.15,0.08485281374238571],[-0.12,0.15,1.4695761589768237e-17],[-0.1159110991546882,0.18105828541230248,1.4195015656544038e-17],[-0.08196152422706632,0.18105828541230248,0.08196152422706633],[-0.12,0.15,1.4695761589768237e-17],[-0.08485281374238572,0.15,-0.0848528137423857],[-0.08196152422706633,0.18105828541230248,-0.08196152422706632],[-0.1159110991546882,0.18105828541230248,1.4195015656544038e-17],[-0.08485281374238572,0.15,-0.0848528137423857],[-2.2043642384652355e-17,0.15,-0.12],[-2.1292523484816054e-17,0.18105828541230248,-0.1159110991546882],[-0.08196152422706633,0.18105828541230248,-0.08196152422706632],[-2.2043642384652355e-17,0.15,-0.12],[0.08485281374238568,0.15,-0.08485281374238572],[0.0819615242270663,0.18105828541230248,-0.08196152422706633],[-2.1292523484816054e-17,0.18105828541230248,-0.1159110991546882],[0.08485281374238568,0.15,-0.08485281374238572],[0.12,0.15,-2.9391523179536474e-17],[0.1159110991546882,0.18105828541230248,-2.8390031313088077e-17],[0.0819615242270663,0.18105828541230248,-0.08196152422706633],[0.1159110991546882,0.18105828541230248,0.0],[0.08196152422706633,0.18105828541230248,0.08196152422706632],[0.07348469228349534,0.21,0.07348469228349534],[0.10392304845413264,0.21,0.0],[0.08196152422706633,0.18105828541230248,0.08196152422706632],[7.097507828272019e-18,0.18105828541230248,0.1159110991546882],[6.363451432349441e-18,0.21,0.10392304845413264],[0.07348469228349534,0.21,0.07348469228349534],[7.097507828272019e-18,0.18105828541230248,0.1159110991546882],[-0.08196152422706632,0.18105828541230248,0.08196152422706633],[-0.07348469228349534,0.21,0.07348469228349534],[6.363451432349441e-18,0.21,0.10392304845413264],[-0.08196152422706632,0.18105828541230248,0.08196152422706633],[-0.1159110991546882,0.18105828541230248,1.4195015656544038e-17],[-0.10392304845413264,0.21,1.2726902864698882e-17],[-0.07348469228349534,0.21,0.07348469228349534],[-0.1159110991546882,0.18105828541230248,1.4195015656544038e-17],[-0.08196152422706633,0.18105828541230248,-0.08196152422706632],[-0.07348469228349536,0.21,-0.07348469228349534],[-0.10392304845413264,0.21,1.2726902864698882e-17],[-0.08196152422706633,0.18105828541230248,-0.08196152422706632],[-2.1292523484816054e-17,0.18105828541230248,-0.1159110991546882],[-1.9090354297048322e-17,0.21,-0.10392304845413264],[-0.07348469228349536,0.21,-0.07348469228349534],[-2.1292523484816054e-17,0.18105828541230248,-0.1159110991546882],[0.0819615242270663,0.18105828541230248,-0.08196152422706633],[0.07348469228349533,0.21,-0.07348469228349536],[-1.9090354297048322e-17,0.21,-0.10392304845413264],[0.0819615242270663,0.18105828541230248,-0.08196152422706633],[0.1159110991546882,0.18105828541230248,-2.8390031313088077e-17],[0.10392304845413264,0.21,-2.5453805729397764e-17],[0.07348469228349533,0.21,-0.07348469228349536],[0.10392304845413264,0.21,0.0],[0.07348469228349534,0.21,0.07348469228349534],[0.060000000000000005,0.2348528137423857,0.06],[0.08485281374238571,0.2348528137423857,0.0],[0.07348469228349534,0.21,0.07348469228349534],[6.363451432349441e-18,0.21,0.10392304845413264],[5.19573633741296e-18,0.2348528137423857,0.08485281374238571],[0.060000000000000005,0.2348528137423857,0.06],[6.363451432349441e-18,0.21,0.10392304845413264],[-0.07348469228349534,0.21,0.07348469228349534],[-0.06,0.2348528137423857,0.060000000000000005],[5.19573633741296e-18,0.2348528137423857,0.08485281374238571],[-0.07348469228349534,0.21,0.07348469228349534],[-0.10392304845413264,0.21,1.2726902864698882e-17],[-0.08485281374238571,0.2348528137423857,1.039147267482592e-17],[-0.06,0.2348528137423857,0.060000000000000005],[-0.10392304845413264,0.21,1.2726902864698882e-17],[-0.07348469228349536,0.21,-0.07348469228349534],[-0.06000000000000002,0.2348528137423857,-0.06],[-0.08485281374238571,0.2348528137423857,1.039147267482592e-17],[-0.07348469228349536,0.21,-0.07348469228349534],[-1.9090354297048322e-17,0.21,-0.10392304845413264],[-1.5587209012238878e-17,0.2348528137423857,-0.08485281374238571],[-0.06000000000000002,0.2348528137423857,-0.06],[-1.9090354297048322e-17,0.21,-0.10392304845413264],[0.07348469228349533,0.21,-0.07348469228349536],[0.05999999999999999,0.2348528137423857,-0.06000000000000002],[-1.5587209012238878e-17,0.2348528137423857,-0.08485281374238571],[0.07348469228349533,0.21,-0.07348469228349536],[0.10392304845413264,0.21,-2.5453805729397764e-17],[0.08485281374238571,0.2348528137423857,-2.078294534965184e-17],[0.05999999999999999,0.2348528137423857,-0.06000000000000002],[0.08485281374238571,0.2348528137423857,0.0],[0.060000000000000005,0.2348528137423857,0.06],[0.04242640687119286,0.2539230484541326,0.042426406871192854],[0.06000000000000001,0.2539230484541326,0.0],[0.060000000000000005,0.2348528137423857,0.06],[5.19573633741296e-18,0.2348528137423857,0.08485281374238571],[3.67394039744206e-18,0.2539230484541326,0.06000000000000001],[0.04242640687119286,0.2539230484541326,0.042426406871192854],[5.19573633741296e-18,0.2348528137423857,0.08485281374238571],[-0.06,0.2348528137423857,0.060000000000000005],[-0.042426406871192854,0.2539230484541326,0.04242640687119286],[3.67394039744206e-18,0.2539230484541326,0.06000000000000001],[-0.06,0.2348528137423857,0.060000000000000005],[-0.08485281374238571,0.2348528137423857,1.039147267482592e-17],[-0.06000000000000001,0.2539230484541326,7.34788079488412e-18],[-0.042426406871192854,0.2539230484541326,0.04242640687119286],[-0.08485281374238571,0.2348528137423857,1.039147267482592e-17],[-0.06000000000000002,0.2348528137423857,-0.06],[-0.04242640687119287,0.2539230484541326,-0.042426406871192854],[-0.06000000000000001,0.2539230484541326,7.34788079488412e-18],[-0.06000000000000002,0.2348528137423857,-0.06],[-1.5587209012238878e-17,0.2348528137423857,-0.08485281374238571],[-1.102182119232618e-17,0.2539230484541326,-0.06000000000000001],[-0.04242640687119287,0.2539230484541326,-0.042426406871192854],[-1.5587209012238878e-17,0.2348528137423857,-0.08485281374238571],[0.05999999999999999,0.2348528137423857,-0.06000000000000002],[0.04242640687119285,0.2539230484541326,-0.04242640687119287],[-1.102182119232618e-17,0.2539230484541326,-0.06000000000000001],[0.05999999999999999,0.2348528137423857,-0.06000000000000002],[0.08485281374238571,0.2348528137423857,-2.078294534965184e-17],[0.06000000000000001,0.2539230484541326,-1.469576158976824e-17],[0.04242640687119285,0.2539230484541326,-0.04242640687119287],[0.06000000000000001,0.2539230484541326,0.0],[0.04242640687119286,0.2539230484541326,0.042426406871192854],[0.021961524227066317,0.2659110991546882,0.021961524227066313],[0.03105828541230249,0.2659110991546882,0.0],[0.04242640687119286,0.2539230484541326,0.042426406871192854],[3.67394039744206e-18,0.2539230484541326,0.06000000000000001],[1.9017714908590587e-18,0.2659110991546882,0.03105828541230249],[0.021961524227066317,0.2659110991546882,0.021961524227066313],[3.67394039744206e-18,0.2539230484541326,0.06000000000000001],[-0.042426406871192854,0.2539230484541326,0.04242640687119286],[-0.021961524227066313,0.2659110991546882,0.021961524227066317],[1.9017714908590587e-18,0.2659110991546882,0.03105828541230249],[-0.042426406871192854,0.2539230484541326,0.04242640687119286],[-0.06000000000000001,0.2539230484541326,7.34788079488412e-18],