{"version":1,"vertices":[[-0.15,0,-0.15],[0.15,0,-0.15],[0.15,0,0.15],[-0.15,0,0.15],[-0.15,0.2,-0.15],[0.15,0.2,-0.15],[0.15,0.2,0.15],[-0.15,0.2,0.15],[-0.15,0.2,-0.15],[0.15,0.2,-0.15],[0.15,0.2,0.15],[-0.15,0.2,0.15],[0,0.32,-0.15],[0,0.32,0.15]],"normals":[[-0.3333333333333333,-0.6666666666666666,-0.6666666666666666],[0.8164965809277261,-0.4082482904638631,-0.4082482904638631],[0.3333333333333333,-0.6666666666666666,0.6666666666666666],[-0.8164965809277261,-0.4082482904638631,0.4082482904638631],[-0.6666666666666666,0.6666666666666666,-0.3333333333333333],[0.4082482904638631,0.4082482904638631,-0.8164965809277261],[0.6666666666666666,0.6666666666666666,0.3333333333333333],[-0.4082482904638631,0.4082482904638631,0.8164965809277261],[0.4417261042993862,-0.5521576303742327,0.7071067811865475],[-0.5587442366156625,-0.6984302957695783,0.4472135954999579],[-0.4417261042993862,-0.5521576303742327,-0.7071067811865475],[0.5587442366156625,-0.6984302957695783,-0.4472135954999579],[0.23819653367016544,-0.8932370012631204,0.3813004995039815],[-0.23819653367016544,-0.8932370012631204,-0.3813004995039815]],"uvs":[[0.0,0.0],[1.0,0.0],[1.0,1.0],[0.0,1.0],[0.0,0.0],[1.0,0.0],[1.0,1.0],[0.0,1.0],[0.0,0.0],[1.0,0.0],[1.0,1.0],[0.0,1.0],[0.5,0.0],[0.5,1.0]],"indices":[0,1,2,0,2,3,4,6,5,4,7,6,0,5,1,0,4,5,1,6,2,1,5,6,2,7,3,2,6,7,3,4,0,3,7,4,8,9,12,10,11,13,11,8,12,13,11,12,9,10,13,12,9,13],"aabb":[-0.15,0,-0.15,0.15,0.32,0.15],"material":{"diffuse":[0.52,0.46,0.4],"roughness":0.85,"metallic":0.05}}