{"version":1,"vertices":[[-0.03,0,-0.03],[0.03,0,-0.03],[0.03,0,0.03],[-0.03,0,0.03],[-0.03,0.4,-0.03],[0.03,0.4,-0.03],[0.03,0.4,0.03],[-0.03,0.4,0.03],[0,0.5,0]],"normals":[[-0.3333333333333333,-0.6666666666666666,-0.6666666666666666],[0.8164965809277261,-0.4082482904638631,-0.4082482904638631],[0.3333333333333333,-0.6666666666666666,0.6666666666666666],[-0.8164965809277261,-0.4082482904638631,0.4082482904638631],[-0.5900717226604024,0.8069976336155801,-0.023878472636228856],[0.03744098481534479,0.37757663175806094,-0.9252210869874804],[0.5900717226604024,0.8069976336155801,0.023878472636228856],[-0.03744098481534479,0.37757663175806094,0.9252210869874804],[0.0,-1.0,0.0]],"uvs":[[0.0,0.0],[1.0,0.0],[1.0,1.0],[0.0,1.0],[0.0,0.0],[1.0,0.0],[1.0,1.0],[0.0,1.0],[0.5,0.5]],"indices":[0,1,2,0,2,3,4,6,5,4,7,6,0,5,1,0,4,5,1,6,2,1,5,6,2,7,3,2,6,7,3,4,0,3,7,4,8,4,5,8,5,6,8,6,7,8,7,4],"aabb":[-0.03,0,-0.03,0.03,0.5,0.03],"material":{"diffuse":[0.78,0.72,0.62],"roughness":0.45,"metallic":0.15}}