{"version":1,"vertices":[[-0.04,0.0,-0.04],[0.04,0.0,-0.04],[0.04,0.0,0.04],[-0.04,0.0,0.04],[-0.032,0.35,-0.032],[0.032,0.35,-0.032],[0.032,0.35,0.032],[-0.032,0.35,0.032],[-0.02,0.48,-0.02],[0.02,0.48,-0.02],[0.02,0.48,0.02],[-0.02,0.48,0.02],[0.0,0.55,0.0]],"normals":[[0.32824575856848703,-0.6791712669930853,0.6564915171369741],[-0.8069764043223304,-0.4312613518317557,0.4034882021611652],[-0.32824575856848703,-0.6791712669930853,-0.6564915171369741],[0.8069764043223304,-0.4312613518317557,-0.4034882021611652],[0.7052468536553053,-0.08106834902473521,0.7043115774965624],[-0.7043115774965624,-0.08106834902473521,0.7052468536553053],[-0.7052468536553053,-0.08106834902473521,-0.7043115774965624],[0.7043115774965624,-0.08106834902473521,-0.7052468536553053],[0.8118041952109227,-0.2268480063232819,0.5380649873993831],[-0.5380649873993831,-0.2268480063232819,0.8118041952109227],[-0.8118041952109227,-0.2268480063232819,-0.5380649873993831],[0.5380649873993831,-0.2268480063232819,-0.8118041952109227],[0.0,-1.0,0.0]],"uvs":[[0.46,0.46],[0.54,0.46],[0.54,0.54],[0.46,0.54],[0.46799999999999997,0.46799999999999997],[0.532,0.46799999999999997],[0.532,0.532],[0.46799999999999997,0.532],[0.48,0.48],[0.52,0.48],[0.52,0.52],[0.48,0.52],[0.5,0.5]],"indices":[0,1,2,0,2,3,0,1,5,0,5,4,1,2,6,1,6,5,2,3,7,2,7,6,3,0,4,3,4,7,4,5,9,4,9,8,5,6,10,5,10,9,6,7,11,6,11,10,7,4,8,7,8,11,8,9,12,9,10,12,10,11,12,11,8,12],"aabb":[-0.04,0.0,-0.04,0.04,0.55,0.04],"material":{"diffuse":[0.45,0.42,0.38],"roughness":0.6,"metallic":0.15}}