{"version":1,"vertices":[[-0.21,0.0,-0.21],[0.21,0.0,-0.21],[0.21,0.0,0.21],[-0.21,0.0,0.21],[-0.21,0.06,-0.21],[0.21,0.06,-0.21],[0.21,0.06,0.21],[-0.21,0.06,0.21],[-0.18,0.06,-0.18],[0.18,0.06,-0.18],[0.18,0.06,0.18],[-0.18,0.06,0.18],[-0.18,0.28,-0.18],[0.18,0.28,-0.18],[0.18,0.28,0.18],[-0.18,0.28,0.18],[-0.22,0.28,-0.22],[0.22,0.28,-0.22],[0.22,0.28,0.22],[-0.22,0.28,0.22],[0.0,0.46,0.0],[0.0,0.5800000000000001,0.0]],"normals":[[0.4472135954999579,0.0,0.8944271909999159],[-0.8944271909999159,0.0,0.4472135954999579],[-0.4472135954999579,0.0,-0.8944271909999159],[0.8944271909999159,0.0,-0.4472135954999579],[0.6666666666666666,-0.6666666666666666,0.3333333333333333],[-0.4082482904638631,-0.4082482904638631,0.8164965809277261],[-0.6666666666666666,-0.6666666666666666,-0.3333333333333333],[0.4082482904638631,-0.4082482904638631,-0.8164965809277261],[0.4472135954999579,0.0,0.8944271909999159],[-0.8944271909999159,0.0,0.4472135954999579],[-0.4472135954999579,0.0,-0.8944271909999159],[0.8944271909999159,0.0,-0.4472135954999579],[0.5345224838248488,0.8017837257372732,0.2672612419124244],[-0.2672612419124244,0.8017837257372732,0.5345224838248488],[-0.5345224838248488,0.8017837257372732,-0.2672612419124244],[0.2672612419124244,0.8017837257372732,-0.5345224838248488],[-0.03735461225048014,0.7343011790025507,0.6777952577726405],[-0.6777952577726405,0.7343011790025507,-0.03735461225048014],[0.03735461225048014,0.7343011790025507,-0.6777952577726405],[0.6777952577726405,0.7343011790025507,0.03735461225048014],[0.0,-1.0,0.0],[0.0,1.0,0.0]],"uvs":[[0.29000000000000004,0.29000000000000004],[0.71,0.29000000000000004],[0.71,0.71],[0.29000000000000004,0.71],[0.29000000000000004,0.29000000000000004],[0.71,0.29000000000000004],[0.71,0.71],[0.29000000000000004,0.71],[0.32,0.32],[0.6799999999999999,0.32],[0.6799999999999999,0.6799999999999999],[0.32,0.6799999999999999],[0.32,0.32],[0.6799999999999999,0.32],[0.6799999999999999,0.6799999999999999],[0.32,0.6799999999999999],[0.28,0.28],[0.72,0.28],[0.72,0.72],[0.28,0.72],[0.5,0.5],[0.5,0.5]],"indices":[0,1,5,0,5,4,1,2,6,1,6,5,2,3,7,2,7,6,3,0,4,3,4,7,4,5,6,4,6,7,8,9,13,8,13,12,9,10,14,9,14,13,10,11,15,10,15,14,11,8,12,11,12,15,16,17,20,17,18,20,18,19,20,19,16,20,20,21,17,20,21,18,20,21,19,20,21,16,12,13,17,12,17,16,13,14,18,13,18,17,14,15,19,14,19,18,15,12,16,15,16,19],"aabb":[-0.22,0.0,-0.22,0.22,0.5800000000000001,0.22],"material":{"diffuse":[0.2,0.25,0.2],"roughness":0.6,"metallic":0.1}}