{"version":1,"vertices":[[-0.15,0,-0.15],[0.15,0,-0.15],[0.15,0,0.15],[-0.15,0,0.15],[0,0.3,0],[-0.03,0,0.03],[0.03,0,0.03],[0.03,0,-0.03],[-0.03,0,-0.03],[-0.03,0.35,0.03],[0.03,0.35,0.03],[0.03,0.35,-0.03],[-0.03,0.35,-0.03]],"normals":[[0.5324073960238527,0.6580917332091333,0.5324073960238527],[-0.7046567172649296,0.08317344303818659,0.7046567172649296],[-0.5324073960238527,0.6580917332091333,-0.5324073960238527],[0.7046567172649296,0.08317344303818659,-0.7046567172649296],[0.0,-1.0,0.0],[0.3333333333333333,0.6666666666666666,-0.6666666666666666],[-0.8164965809277261,0.4082482904638631,-0.4082482904638631],[-0.3333333333333333,0.6666666666666666,0.6666666666666666],[0.8164965809277261,0.4082482904638631,0.4082482904638631],[0.6666666666666666,-0.6666666666666666,-0.3333333333333333],[-0.4082482904638631,-0.4082482904638631,-0.8164965809277261],[-0.6666666666666666,-0.6666666666666666,0.3333333333333333],[0.4082482904638631,-0.4082482904638631,0.8164965809277261]],"uvs":[[0.0,0.0],[1.0,0.0],[1.0,1.0],[0.0,1.0],[0.5,0.5],[0.4,0.6],[0.6,0.6],[0.6,0.4],[0.4,0.4],[0.4,0.6],[0.6,0.6],[0.6,0.4],[0.4,0.4]],"indices":[0,2,1,0,3,2,0,1,4,1,2,4,2,3,4,3,0,4,5,6,7,5,7,8,9,11,10,9,12,11,5,10,6,5,9,10,6,11,7,6,10,11,7,12,8,7,11,12,8,9,5,8,12,9],"aabb":[-0.15,0,-0.15,0.15,0.35,0.15],"material":{"diffuse":[0.72,0.65,0.35],"roughness":0.5,"metallic":0.4}}