{"version":1,"vertices":[[-0.35,0.0,-0.175],[0.35,0.0,-0.175],[0.35,0.0,0.175],[-0.35,0.0,0.175],[-0.35,0.4,-0.175],[0.35,0.4,-0.175],[0.35,0.4,0.175],[-0.35,0.4,0.175],[-0.375,0.4,-0.2],[0.375,0.4,-0.2],[-0.375,0.4,0.2],[0.375,0.4,0.2],[-0.375,0.6,0.0],[0.375,0.6,0.0],[-0.23,0.4,-0.08],[-0.07,0.4,-0.08],[-0.07,0.4,0.08],[-0.23,0.4,0.08],[-0.23,0.7,-0.08],[-0.07,0.7,-0.08],[-0.07,0.7,0.08],[-0.23,0.7,0.08],[0.31,-0.135,0.0],[0.28,-0.135,0.052],[0.22,-0.135,0.052],[0.19,-0.135,0.0],[0.22,-0.135,-0.052],[0.28,-0.135,-0.052],[0.31,0.215,0.0],[0.28,0.215,0.052],[0.22,0.215,0.052],[0.19,0.215,0.0],[0.22,0.215,-0.052],[0.28,0.215,-0.052],[0.31,-0.055,0.08],[0.28,-0.055,0.132],[0.22,-0.055,0.132],[0.19,-0.055,0.08],[0.22,-0.055,0.028],[0.28,-0.055,0.028],[0.31,0.295,0.08],[0.28,0.295,0.132],[0.22,0.295,0.132],[0.19,0.295,0.08],[0.22,0.295,0.028],[0.28,0.295,0.028],[0.31,-0.055,-0.08],[0.28,-0.055,-0.028],[0.22,-0.055,-0.028],[0.19,-0.055,-0.08],[0.22,-0.055,-0.132],[0.28,-0.055,-0.132],[0.31,0.295,-0.08],[0.28,0.295,-0.028],[0.22,0.295,-0.028],[0.19,0.295,-0.08],[0.22,0.295,-0.132],[0.28,0.295,-0.132]],"normals":[[-0.3333333333333333,-0.6666666666666666,-0.6666666666666666],[0.8164965809277261,-0.4082482904638631,-0.4082482904638631],[0.3333333333333333,-0.6666666666666666,0.6666666666666666],[-0.8164965809277261,-0.4082482904638631,0.4082482904638631],[-0.6666666666666666,0.6666666666666666,-0.3333333333333333],[0.4082482904638631,0.4082482904638631,-0.8164965809277261],[0.6666666666666666,0.6666666666666666,0.3333333333333333],[-0.4082482904638631,0.4082482904638631,0.8164965809277261],[0.5469181606780272,0.3203772410170406,0.7734590803390134],[-0.7941044877608179,0.23258781949447369,0.5615166682663439],[0.5615166682663439,-0.23258781949447396,-0.7941044877608175],[-0.5615166682663439,0.725981092652279,-0.3970522438804088],[0.5773502691896256,-0.816496580927726,0.0],[-0.33333333333333326,-0.9428090415820635,0.0],[-0.3333333333333333,-0.6666666666666666,-0.6666666666666666],[0.8164965809277261,-0.4082482904638631,-0.4082482904638631],[0.3333333333333333,-0.6666666666666666,0.6666666666666666],[-0.8164965809277261,-0.4082482904638631,0.4082482904638631],[-0.6666666666666666,0.6666666666666666,-0.3333333333333333],[0.4082482904638631,0.4082482904638631,-0.8164965809277261],[0.6666666666666666,0.6666666666666666,0.3333333333333333],[-0.4082482904638631,0.4082482904638631,0.8164965809277261],[-0.5418103950848067,-0.8340174112208578,-0.1041943067470781],[-0.30626410220101913,-0.3535779250242973,-0.8838466782414901],[0.5223559217197781,-0.6030531217942356,-0.6028857465046821],[0.7834153010666336,-0.602961854583957,0.15065678866666035],[0.26117796085988904,-0.6030531217942356,0.7537327145980178],[-0.6125282044020383,-0.3535779250242973,0.7069595814100883],[-0.5418103950848067,0.8340174112208578,0.1041943067470781],[-0.6125282044020383,0.3535779250242973,-0.7069595814100883],[0.26117796085988904,0.6030531217942356,-0.7537327145980178],[0.7834153010666336,0.602961854583957,-0.15065678866666035],[0.5223559217197781,0.6030531217942356,0.6028857465046821],[-0.30626410220101913,0.3535779250242973,0.8838466782414901],[-0.5418103950848067,-0.8340174112208578,-0.10419430674707808],[-0.30626410220101913,-0.3535779250242973,-0.8838466782414901],[0.5223559217197781,-0.6030531217942356,-0.6028857465046821],[0.7834153010666337,-0.6029618545839569,0.1506567886666603],[0.26117796085988904,-0.6030531217942356,0.7537327145980178],[-0.6125282044020383,-0.3535779250242973,0.7069595814100883],[-0.5418103950848067,0.8340174112208578,0.10419430674707808],[-0.6125282044020383,0.3535779250242973,-0.7069595814100883],[0.26117796085988904,0.6030531217942356,-0.7537327145980178],[0.7834153010666337,0.6029618545839569,-0.1506567886666603],[0.5223559217197781,0.6030531217942356,0.6028857465046821],[-0.30626410220101913,0.3535779250242973,0.8838466782414901],[-0.5418103950848067,-0.8340174112208578,-0.10419430674707808],[-0.30626410220101913,-0.3535779250242973,-0.8838466782414901],[0.5223559217197781,-0.6030531217942356,-0.6028857465046821],[0.7834153010666337,-0.6029618545839569,0.1506567886666603],[0.26117796085988904,-0.6030531217942356,0.7537327145980178],[-0.6125282044020383,-0.3535779250242973,0.7069595814100883],[-0.5418103950848067,0.8340174112208578,0.10419430674707808],[-0.6125282044020383,0.3535779250242973,-0.7069595814100883],[0.26117796085988904,0.6030531217942356,-0.7537327145980178],[0.7834153010666337,0.6029618545839569,-0.1506567886666603],[0.5223559217197781,0.6030531217942356,0.6028857465046821],[-0.30626410220101913,0.3535779250242973,0.8838466782414901]],"uvs":[[0.03333333333333336,0.06250000000000006],[0.9666666666666667,0.06250000000000006],[0.9666666666666667,0.9375],[0.03333333333333336,0.9375],[0.03333333333333336,0.06250000000000006],[0.9666666666666667,0.06250000000000006],[0.9666666666666667,0.9375],[0.03333333333333336,0.9375],[0.0,0.0],[1.0,0.0],[0.0,1.0],[1.0,1.0],[0.0,0.5],[1.0,0.5],[0.19333333333333333,0.3],[0.4066666666666667,0.3],[0.4066666666666667,0.7000000000000001],[0.19333333333333333,0.7000000000000001],[0.19333333333333333,0.3],[0.4066666666666667,0.3],[0.4066666666666667,0.7000000000000001],[0.19333333333333333,0.7000000000000001],[0.9133333333333334,0.5],[0.8733333333333334,0.63],[0.7933333333333333,0.63],[0.7533333333333333,0.5],[0.7933333333333333,0.37000000000000005],[0.8733333333333334,0.37000000000000005],[0.9133333333333334,0.5],[0.8733333333333334,0.63],[0.7933333333333333,0.63],[0.7533333333333333,0.5],[0.7933333333333333,0.37000000000000005],[0.8733333333333334,0.37000000000000005],[0.9133333333333334,0.7000000000000001],[0.8733333333333334,0.83],[0.7933333333333333,0.83],[0.7533333333333333,0.7000000000000001],[0.7933333333333333,0.57],[0.8733333333333334,0.57],[0.9133333333333334,0.7000000000000001],[0.8733333333333334,0.83],[0.7933333333333333,0.83],[0.7533333333333333,0.7000000000000001],[0.7933333333333333,0.57],[0.8733333333333334,0.57],[0.9133333333333334,0.3],[0.8733333333333334,0.43],[0.7933333333333333,0.43],[0.7533333333333333,0.3],[0.7933333333333333,0.17],[0.8733333333333334,0.17],[0.9133333333333334,0.3],[0.8733333333333334,0.43],[0.7933333333333333,0.43],[0.7533333333333333,0.3],[0.7933333333333333,0.17],[0.8733333333333334,0.17]],"indices":[0,1,2,0,2,3,4,6,5,4,7,6,0,5,1,0,4,5,1,6,2,1,5,6,2,7,3,2,6,7,3,4,0,3,7,4,8,9,13,8,13,12,9,11,13,11,10,13,13,10,12,10,8,12,8,10,11,8,11,9,14,15,16,14,16,17,18,20,19,18,21,20,14,19,15,14,18,19,15,20,16,15,19,20,16,21,17,16,20,21,17,18,14,17,21,18,22,23,24,22,24,25,22,25,26,22,26,27,28,30,29,28,31,30,28,32,31,28,33,32,22,23,29,22,29,28,23,24,30,23,30,29,24,25,31,24,31,30,25,26,32,25,32,31,26,27,33,26,33,32,27,22,28,27,28,33,34,35,36,34,36,37,34,37,38,34,38,39,40,42,41,40,43,42,40,44,43,40,45,44,34,35,41,34,41,40,35,36,42,35,42,41,36,37,43,36,43,42,37,38,44,37,44,43,38,39,45,38,45,44,39,34,40,39,40,45,46,47,48,46,48,49,46,49,50,46,50,51,52,54,53,52,55,54,52,56,55,52,57,56,46,47,53,46,53,52,47,48,54,47,54,53,48,49,55,48,55,54,49,50,56,49,56,55,50,51,57,50,57,56,51,46,52,51,52,57],"aabb":[-0.375,-0.135,-0.2,0.375,0.7,0.2],"material":{"diffuse":[0.55,0.4,0.25],"roughness":0.9,"metallic":0.0}}