{"version":1,"vertices":[[-0.15,0,-0.25],[0.15,0,-0.25],[0.15,0,0.25],[-0.15,0,0.25],[-0.15,0.25,-0.25],[0.15,0.25,-0.25],[0.15,0.25,0.25],[-0.15,0.25,0.25],[-0.15,0.25,-0.25],[0.15,0.25,-0.25],[0.15,0.25,0.25],[-0.15,0.25,0.25],[0,0.4,-0.25],[0,0.4,0.25]],"normals":[[-0.3333333333333333,-0.6666666666666666,-0.6666666666666666],[0.8164965809277261,-0.4082482904638631,-0.4082482904638631],[0.3333333333333333,-0.6666666666666666,0.6666666666666666],[-0.8164965809277261,-0.4082482904638631,0.4082482904638631],[-0.6666666666666666,0.6666666666666666,-0.3333333333333333],[0.4082482904638631,0.4082482904638631,-0.8164965809277261],[0.6666666666666666,0.6666666666666666,0.3333333333333333],[-0.4082482904638631,0.4082482904638631,0.8164965809277261],[0.5,-0.49999999999999994,0.7071067811865475],[-0.6324555320336759,-0.6324555320336758,0.4472135954999579],[-0.5,-0.49999999999999994,-0.7071067811865475],[0.6324555320336759,-0.6324555320336758,-0.4472135954999579],[0.2886751345948129,-0.8660254037844386,0.4082482904638631],[-0.2886751345948129,-0.8660254037844386,-0.4082482904638631]],"uvs":[[0.0,0.0],[1.0,0.0],[1.0,1.0],[0.0,1.0],[0.0,0.0],[1.0,0.0],[1.0,1.0],[0.0,1.0],[0.0,0.0],[1.0,0.0],[1.0,1.0],[0.0,1.0],[0.5,0.0],[0.5,1.0]],"indices":[0,1,2,0,2,3,4,6,5,4,7,6,0,5,1,0,4,5,1,6,2,1,5,6,2,7,3,2,6,7,3,4,0,3,7,4,8,9,12,10,11,13,11,8,12,13,11,12,9,10,13,12,9,13],"aabb":[-0.15,0,-0.25,0.15,0.4,0.25],"material":{"diffuse":[0.52,0.46,0.4],"roughness":0.85,"metallic":0.05}}