{"version":1,"vertices":[[-0.14,0.0,-0.14],[0.14,0.0,-0.14],[0.14,0.0,0.14],[-0.14,0.0,0.14],[-0.14,0.3,-0.14],[0.14,0.3,-0.14],[0.14,0.3,0.14],[-0.14,0.3,0.14],[-0.18,0.3,-0.18],[0.18,0.3,-0.18],[0,0.46,-0.18],[-0.18,0.3,0.18],[0.18,0.3,0.18],[0,0.46,0.18]],"normals":[[-0.333333,-0.666667,-0.666667],[0.816497,-0.408248,-0.408248],[0.333333,-0.666667,0.666667],[-0.816497,-0.408248,0.408248],[-0.666667,0.666667,-0.333333],[0.408248,0.408248,-0.816497],[0.666667,0.666667,0.333333],[-0.408248,0.408248,0.816497],[0.0,0.447214,-0.894427],[0.0,0.447214,-0.894427],[0.0,0.447214,-0.894427],[0.0,0.447214,0.894427],[0.0,0.447214,0.894427],[0.0,0.447214,0.894427],[-0.707107,0.707107,0.0],[0.707107,0.707107,0.0],[0.0,-1.0,0.0],[0.0,0.0,0.0]],"uvs":[[0.05,0.05],[0.95,0.05],[0.95,0.95],[0.05,0.95],[0.05,0.05],[0.95,0.05],[0.95,0.95],[0.05,0.95],[0.0,0.0],[1.0,0.0],[0.5,1.0],[0.0,0.0],[1.0,0.0],[0.5,1.0],[0.0,0.0],[1.0,0.0],[0.0,0.0]],"indices":[0,1,2,0,2,3,4,6,5,4,7,6,0,5,1,0,4,5,1,6,2,1,5,6,2,7,3,2,6,7,3,4,0,3,7,4,8,9,10,11,13,12,8,10,13,8,13,11,9,12,13,9,13,10,8,11,12,8,12,9],"aabb":[-0.18,0.0,-0.18,0.18,0.46,0.18],"material":{"diffuse":[0.55,0.42,0.28],"roughness":0.6,"metallic":0.1}}