{"version":1,"vertices":[[-0.175,0,-0.175],[0.175,0,-0.175],[0.175,0,0.175],[-0.175,0,0.175],[-0.175,0.35,-0.175],[0.175,0.35,-0.175],[0.175,0.35,0.175],[-0.175,0.35,0.175],[-0.175,0.35,-0.175],[0.175,0.35,-0.175],[0.175,0.35,0.175],[-0.175,0.35,0.175],[0,0.5,-0.175],[0,0.5,0.175],[0.1,0.5,0.1],[0.15,0.5,0.1],[0.15,0.5,0.15],[0.1,0.5,0.15],[0.1,0.65,0.1],[0.15,0.65,0.1],[0.15,0.65,0.15],[0.1,0.65,0.15]],"normals":[[-0.3333333333333333,-0.6666666666666666,-0.6666666666666666],[0.8164965809277261,-0.4082482904638631,-0.4082482904638631],[0.3333333333333333,-0.6666666666666666,0.6666666666666666],[-0.8164965809277261,-0.4082482904638631,0.4082482904638631],[-0.6666666666666666,0.6666666666666666,-0.3333333333333333],[0.4082482904638631,0.4082482904638631,-0.8164965809277261],[0.6666666666666666,0.6666666666666666,0.3333333333333333],[-0.4082482904638631,0.4082482904638631,0.8164965809277261],[0.46017899330842227,-0.5368754921931592,0.7071067811865476],[-0.5820855000871992,-0.6790997501017323,0.447213595499958],[-0.46017899330842227,-0.5368754921931592,-0.7071067811865476],[0.5820855000871992,-0.6790997501017323,-0.447213595499958],[0.2530947243657587,-0.8858315352801552,0.3889030105327336],[-0.2530947243657587,-0.8858315352801552,-0.3889030105327336],[-0.3333333333333333,-0.6666666666666666,-0.6666666666666666],[0.8164965809277261,-0.4082482904638631,-0.4082482904638631],[0.3333333333333333,-0.6666666666666666,0.6666666666666666],[-0.8164965809277261,-0.4082482904638631,0.4082482904638631],[-0.6666666666666666,0.6666666666666666,-0.3333333333333333],[0.4082482904638631,0.4082482904638631,-0.8164965809277261],[0.6666666666666666,0.6666666666666666,0.3333333333333333],[-0.4082482904638631,0.4082482904638631,0.8164965809277261]],"uvs":[[0.0,0.0],[1.0,0.0],[1.0,1.0],[0.0,1.0],[0.0,0.0],[1.0,0.0],[1.0,1.0],[0.0,1.0],[0.0,0.0],[1.0,0.0],[1.0,1.0],[0.0,1.0],[0.5,0.0],[0.5,1.0],[0.7857142857142858,0.7857142857142858],[0.9285714285714285,0.7857142857142858],[0.9285714285714285,0.9285714285714285],[0.7857142857142858,0.9285714285714285],[0.7857142857142858,0.7857142857142858],[0.9285714285714285,0.7857142857142858],[0.9285714285714285,0.9285714285714285],[0.7857142857142858,0.9285714285714285]],"indices":[0,1,2,0,2,3,4,6,5,4,7,6,0,5,1,0,4,5,1,6,2,1,5,6,2,7,3,2,6,7,3,4,0,3,7,4,8,9,12,10,11,13,11,8,12,13,11,12,9,10,13,12,9,13,14,15,16,14,16,17,18,20,19,18,21,20,14,19,15,14,18,19,15,20,16,15,19,20,16,21,17,16,20,21,17,18,14,17,21,18],"aabb":[-0.175,0,-0.175,0.175,0.65,0.175],"material":{"diffuse":[0.38,0.36,0.4],"roughness":0.7,"metallic":0.3}}