{"version":1,"vertices":[[-0.18,0.0,-0.12],[0.18,0.0,-0.12],[0.18,0.4,-0.12],[-0.18,0.4,-0.12],[-0.18,0.0,0.12],[0.18,0.0,0.12],[0.18,0.4,0.12],[-0.18,0.4,0.12],[-0.09,0.4,-0.09],[0.09,0.4,-0.09],[0.09,0.6,-0.09],[-0.09,0.6,-0.09],[-0.09,0.4,0.09],[0.09,0.4,0.09],[0.09,0.6,0.09],[-0.09,0.6,0.09],[-0.3,0.05,-0.07],[-0.18,0.05,-0.07],[-0.18,0.35,-0.07],[-0.3,0.35,-0.07],[-0.3,0.05,0.07],[-0.18,0.05,0.07],[-0.18,0.35,0.07],[-0.3,0.35,0.07],[0.18,0.05,-0.07],[0.35,0.05,-0.07],[0.35,0.35,-0.07],[0.18,0.35,-0.07],[0.18,0.05,0.07],[0.35,0.05,0.07],[0.35,0.35,0.07],[0.18,0.35,0.07],[-0.12,-0.4,-0.07],[-0.06,-0.4,-0.07],[-0.06,0.0,-0.07],[-0.12,0.0,-0.07],[-0.12,-0.4,0.07],[-0.06,-0.4,0.07],[-0.06,0.0,0.07],[-0.12,0.0,0.07],[0.06,-0.4,-0.07],[0.12,-0.4,-0.07],[0.12,0.0,-0.07],[0.06,0.0,-0.07],[0.06,-0.4,0.07],[0.12,-0.4,0.07],[0.12,0.0,0.07],[0.06,0.0,0.07]],"normals":[[0.4082482904638631,0.4082482904638631,0.8164965809277261],[-0.6666666666666666,0.6666666666666666,0.3333333333333333],[-0.4082482904638631,-0.4082482904638631,0.8164965809277261],[0.6666666666666666,-0.6666666666666666,0.3333333333333333],[0.6666666666666666,0.6666666666666666,-0.3333333333333333],[-0.4082482904638631,0.4082482904638631,-0.8164965809277261],[-0.6666666666666666,-0.6666666666666666,-0.3333333333333333],[0.4082482904638631,-0.4082482904638631,-0.8164965809277261],[0.4082482904638631,0.4082482904638631,0.8164965809277261],[-0.6666666666666666,0.6666666666666666,0.3333333333333333],[-0.4082482904638631,-0.4082482904638631,0.8164965809277261],[0.6666666666666666,-0.6666666666666666,0.3333333333333333],[0.6666666666666666,0.6666666666666666,-0.3333333333333333],[-0.4082482904638631,0.4082482904638631,-0.8164965809277261],[-0.6666666666666666,-0.6666666666666666,-0.3333333333333333],[0.4082482904638631,-0.4082482904638631,-0.8164965809277261],[0.4082482904638631,0.4082482904638631,0.8164965809277261],[-0.6666666666666666,0.6666666666666666,0.3333333333333333],[-0.4082482904638631,-0.4082482904638631,0.8164965809277261],[0.6666666666666666,-0.6666666666666666,0.3333333333333333],[0.6666666666666666,0.6666666666666666,-0.3333333333333333],[-0.4082482904638631,0.4082482904638631,-0.8164965809277261],[-0.6666666666666666,-0.6666666666666666,-0.3333333333333333],[0.4082482904638631,-0.4082482904638631,-0.8164965809277261],[0.4082482904638631,0.4082482904638631,0.8164965809277261],[-0.6666666666666666,0.6666666666666666,0.3333333333333333],[-0.4082482904638631,-0.4082482904638631,0.8164965809277261],[0.6666666666666666,-0.6666666666666666,0.3333333333333333],[0.6666666666666666,0.6666666666666666,-0.3333333333333333],[-0.4082482904638631,0.4082482904638631,-0.8164965809277261],[-0.6666666666666666,-0.6666666666666666,-0.3333333333333333],[0.4082482904638631,-0.4082482904638631,-0.8164965809277261],[0.4082482904638631,0.4082482904638631,0.8164965809277261],[-0.6666666666666666,0.6666666666666666,0.3333333333333333],[-0.4082482904638631,-0.4082482904638631,0.8164965809277261],[0.6666666666666666,-0.6666666666666666,0.3333333333333333],[0.6666666666666666,0.6666666666666666,-0.3333333333333333],[-0.4082482904638631,0.4082482904638631,-0.8164965809277261],[-0.6666666666666666,-0.6666666666666666,-0.3333333333333333],[0.4082482904638631,-0.4082482904638631,-0.8164965809277261],[0.4082482904638631,0.4082482904638631,0.8164965809277261],[-0.6666666666666666,0.6666666666666666,0.3333333333333333],[-0.4082482904638631,-0.4082482904638631,0.8164965809277261],[0.6666666666666666,-0.6666666666666666,0.3333333333333333],[0.6666666666666666,0.6666666666666666,-0.3333333333333333],[-0.4082482904638631,0.4082482904638631,-0.8164965809277261],[-0.6666666666666666,-0.6666666666666666,-0.3333333333333333],[0.4082482904638631,-0.4082482904638631,-0.8164965809277261]],"uvs":[[0.16571319754377895,0.6268347173574762],[0.8548522371868741,0.6501563537117819],[0.8548522371868741,0.18422775960477883],[0.16571319754377895,0.21317843936780922],[0.334286802456221,0.6268347173574762],[0.6451477628131259,0.6501563537117819],[0.6451477628131259,0.18422775960477883],[0.334286802456221,0.21317843936780922],[0.14431377074492757,0.14419667452158635],[0.9004509640158936,0.1128194456773779],[0.9004509640158936,0.0695480081926691],[0.14431377074492757,0.09045032467511543],[0.35568622925507243,0.14419667452158635],[0.5995490359841064,0.1128194456773779],[0.5995490359841064,0.0695480081926691],[0.35568622925507243,0.09045032467511543],[0.2162362730632716,0.5475167847145842],[0.19763011454328028,0.5722067634683649],[0.19763011454328028,0.22726949626932258],[0.2162362730632716,0.2947630391800675],[0.2837637269367284,0.5475167847145842],[0.3023698854567197,0.5722067634683649],[0.3023698854567197,0.22726949626932258],[0.2837637269367284,0.2947630391800675],[0.8175126368498242,0.591015755407489],[0.7837637269367284,0.5475167847145842],[0.7837637269367284,0.2947630391800675],[0.8175126368498242,0.19015122991099354],[0.6824873631501758,0.591015755407489],[0.7162362730632716,0.5475167847145842],[0.7162362730632716,0.2947630391800675],[0.6824873631501758,0.19015122991099354],[0.17841853437683686,0.900834176334006],[0.1403542781990449,0.9310009325720998],[0.1403542781990449,0.7346903324087981],[0.17841853437683686,0.6769065515956996],[0.32158146562316314,0.900834176334006],[0.3596457218009551,0.9310009325720998],[0.3596457218009551,0.7346903324087981],[0.32158146562316314,0.6769065515956996],[0.9262081911747834,0.9505776343021817],[0.8510676439328775,0.9262261320341911],[0.8510676439328775,0.7237713795380493],[0.9262081911747834,0.7886245614019588],[0.5737918088252166,0.9505776343021817],[0.6489323560671225,0.9262261320341911],[0.6489323560671225,0.7237713795380493],[0.5737918088252166,0.7886245614019588]],"indices":[0,1,2,0,2,3,5,4,7,5,7,6,4,0,3,4,3,7,1,5,6,1,6,2,3,2,6,3,6,7,4,5,1,4,1,0,8,9,10,8,10,11,13,12,15,13,15,14,12,8,11,12,11,15,9,13,14,9,14,10,11,10,14,11,14,15,12,13,9,12,9,8,16,17,18,16,18,19,21,20,23,21,23,22,20,16,19,20,19,23,17,21,22,17,22,18,19,18,22,19,22,23,20,21,17,20,17,16,24,25,26,24,26,27,29,28,31,29,31,30,28,24,27,28,27,31,25,29,30,25,30,26,27,26,30,27,30,31,28,29,25,28,25,24,32,33,34,32,34,35,37,36,39,37,39,38,36,32,35,36,35,39,33,37,38,33,38,34,35,34,38,35,38,39,36,37,33,36,33,32,40,41,42,40,42,43,45,44,47,45,47,46,44,40,43,44,43,47,41,45,46,41,46,42,43,42,46,43,46,47,44,45,41,44,41,40],"aabb":[-0.3,-0.4,-0.12,0.35,0.6,0.12],"material":{"diffuse":[0.35,0.45,0.65],"roughness":0.75,"metallic":0.1}}