{"version":1,"vertices":[[-0.27,0.0,-0.27],[0.27,0.0,-0.27],[0.27,0.0,0.27],[-0.27,0.0,0.27],[-0.27,0.06,-0.27],[0.27,0.06,-0.27],[0.27,0.06,0.27],[-0.27,0.06,0.27],[-0.24,0.06,-0.24],[0.24,0.06,-0.24],[0.24,0.06,0.24],[-0.24,0.06,0.24],[-0.24,0.38,-0.24],[0.24,0.38,-0.24],[0.24,0.38,0.24],[-0.24,0.38,0.24],[-0.27999999999999997,0.38,-0.27999999999999997],[0.27999999999999997,0.38,-0.27999999999999997],[0.27999999999999997,0.38,0.27999999999999997],[-0.27999999999999997,0.38,0.27999999999999997],[0.0,0.6,0.0],[0.0,0.72,0.0]],"normals":[[0.4472135954999579,0.0,0.8944271909999159],[-0.8944271909999159,0.0,0.4472135954999579],[-0.4472135954999579,0.0,-0.8944271909999159],[0.8944271909999159,0.0,-0.4472135954999579],[0.6666666666666666,-0.6666666666666666,0.3333333333333333],[-0.4082482904638631,-0.4082482904638631,0.8164965809277261],[-0.6666666666666666,-0.6666666666666666,-0.3333333333333333],[0.4082482904638631,-0.4082482904638631,-0.8164965809277261],[0.4472135954999579,0.0,0.8944271909999159],[-0.8944271909999159,0.0,0.4472135954999579],[-0.4472135954999579,0.0,-0.8944271909999159],[0.8944271909999159,0.0,-0.4472135954999579],[0.5345224838248488,0.8017837257372732,0.2672612419124244],[-0.2672612419124244,0.8017837257372732,0.5345224838248488],[-0.5345224838248488,0.8017837257372732,-0.2672612419124244],[0.2672612419124244,0.8017837257372732,-0.5345224838248488],[-0.045797698352717846,0.7321474719017353,0.6796047750078653],[-0.6796047750078653,0.7321474719017353,-0.045797698352717846],[0.045797698352717846,0.7321474719017353,-0.6796047750078653],[0.6796047750078653,0.7321474719017353,0.045797698352717846],[0.0,-1.0,0.0],[0.0,1.0,0.0]],"uvs":[[0.22999999999999998,0.22999999999999998],[0.77,0.22999999999999998],[0.77,0.77],[0.22999999999999998,0.77],[0.22999999999999998,0.22999999999999998],[0.77,0.22999999999999998],[0.77,0.77],[0.22999999999999998,0.77],[0.26,0.26],[0.74,0.26],[0.74,0.74],[0.26,0.74],[0.26,0.26],[0.74,0.26],[0.74,0.74],[0.26,0.74],[0.22000000000000003,0.22000000000000003],[0.78,0.22000000000000003],[0.78,0.78],[0.22000000000000003,0.78],[0.5,0.5],[0.5,0.5]],"indices":[0,1,5,0,5,4,1,2,6,1,6,5,2,3,7,2,7,6,3,0,4,3,4,7,4,5,6,4,6,7,8,9,13,8,13,12,9,10,14,9,14,13,10,11,15,10,15,14,11,8,12,11,12,15,16,17,20,17,18,20,18,19,20,19,16,20,20,21,17,20,21,18,20,21,19,20,21,16,12,13,17,12,17,16,13,14,18,13,18,17,14,15,19,14,19,18,15,12,16,15,16,19],"aabb":[-0.27999999999999997,0.0,-0.27999999999999997,0.27999999999999997,0.72,0.27999999999999997],"material":{"diffuse":[0.4,0.42,0.35],"roughness":0.6,"metallic":0.1}}