{"version":1,"vertices":[[0.0,0.0,0.0],[0.3,0.0,0.0],[0.21213203435596426,0.0,0.21213203435596423],[1.8369701987210297e-17,0.0,0.3],[-0.21213203435596423,0.0,0.21213203435596426],[-0.3,0.0,3.6739403974420595e-17],[-0.2121320343559643,0.0,-0.21213203435596423],[-5.510910596163089e-17,0.0,-0.3],[0.2121320343559642,0.0,-0.2121320343559643],[0.0,1.2,0.0]],"normals":[[0.0,-1.0,0.0],[-0.9001804912506242,-0.22504512281265604,-0.3728669680596838],[-0.3728669680596839,-0.2250451228126561,-0.9001804912506242],[0.3728669680596838,-0.2250451228126561,-0.9001804912506244],[0.9001804912506242,-0.2250451228126561,-0.3728669680596839],[0.9001804912506244,-0.2250451228126561,0.37286696805968356],[0.3728669680596839,-0.2250451228126561,0.9001804912506244],[-0.37286696805968356,-0.2250451228126561,0.9001804912506244],[-0.9001804912506242,-0.22504512281265604,0.3728669680596839],[0.0,1.0,0.0]],"uvs":[[0.5,0.5],[1.0,0.5],[0.8535533905932737,0.8535533905932737],[0.5,1.0],[0.14644660940672627,0.8535533905932737],[0.0,0.5000000000000001],[0.14644660940672616,0.14644660940672627],[0.4999999999999999,0.0],[0.8535533905932737,0.14644660940672616],[0.5,1.0]],"indices":[0,1,2,0,2,3,0,3,4,0,4,5,0,5,6,0,6,7,0,7,8,0,8,1,1,2,9,2,3,9,3,4,9,4,5,9,5,6,9,6,7,9,7,8,9,8,1,9],"aabb":[-0.3,0,-0.3,0.3,1.2,0.3],"material":{"diffuse":[0.15,0.42,0.15],"roughness":0.85,"metallic":0.0}}