{"version":1,"vertices":[[-0.39506259157233703,-0.2268755191648816,-0.30328959580558945],[0.4068023799933544,-0.23266104009865635,-0.28446280405257474],[0.38293736676065737,-0.2619281932855755,0.2842262775620479],[-0.39041403799059937,-0.24200486907608296,0.2976749518930767],[-0.41958762934350274,0.23931462379815285,-0.3189040705236249],[-0.4016592424153172,0.2317518571158074,0.2752592944594602],[0.3883905781848506,0.26721833444065285,0.3027652460073943],[0.4231062268130405,0.2342222739932365,-0.3219332476937966],[-0.39506259157233703,-0.2268755191648816,-0.30328959580558945],[-0.41958762934350274,0.23931462379815285,-0.3189040705236249],[0.4231062268130405,0.2342222739932365,-0.3219332476937966],[0.4068023799933544,-0.23266104009865635,-0.28446280405257474],[0.4068023799933544,-0.23266104009865635,-0.28446280405257474],[0.4231062268130405,0.2342222739932365,-0.3219332476937966],[0.3883905781848506,0.26721833444065285,0.3027652460073943],[0.38293736676065737,-0.2619281932855755,0.2842262775620479],[0.38293736676065737,-0.2619281932855755,0.2842262775620479],[0.3883905781848506,0.26721833444065285,0.3027652460073943],[-0.4016592424153172,0.2317518571158074,0.2752592944594602],[-0.39041403799059937,-0.24200486907608296,0.2976749518930767],[-0.39041403799059937,-0.24200486907608296,0.2976749518930767],[-0.4016592424153172,0.2317518571158074,0.2752592944594602],[-0.41958762934350274,0.23931462379815285,-0.3189040705236249],[-0.39506259157233703,-0.2268755191648816,-0.30328959580558945]],"normals":[[0,-1,0],[0,-1,0],[0,-1,0],[0,-1,0],[0,1,0],[0,1,0],[0,1,0],[0,1,0],[-1,0,0],[-1,0,0],[-1,0,0],[-1,0,0],[1,0,0],[1,0,0],[1,0,0],[1,0,0],[0,0,1],[0,0,1],[0,0,1],[0,0,1],[0,0,-1],[0,0,-1],[0,0,-1],[0,0,-1]],"uvs":[[0.0,0.5],[0.25,0.5],[0.5,0.5],[0.75,0.5],[1.0,0.5],[1.75,0.5],[1.5,0.5],[1.25,0.5],[0.0,0.5],[1.0,0.5],[1.25,0.5],[0.25,0.5],[0.25,0.5],[1.25,0.5],[1.5,0.5],[0.5,0.5],[0.5,0.5],[1.5,0.5],[1.75,0.5],[0.75,0.5],[0.75,0.5],[1.75,0.5],[1.0,0.5],[0.0,0.5]],"indices":[0,1,2,0,2,3,4,5,6,4,6,7,8,9,10,8,10,11,12,13,14,12,14,15,16,17,18,16,18,19,20,21,22,20,22,23],"aabb":[-0.45,-0.3,-0.35,0.45,0.3,0.35],"material":{"diffuse":[0.38,0.4,0.45],"roughness":0.5,"metallic":0.2}}