{"version":1,"vertices":[[-0.23897193536876057,-0.1823781323153961,-0.21716175436300905],[0.26193601204379996,-0.1859185075006508,-0.18071628004246368],[0.26064557695552854,-0.1521134917645093,0.17859897585612083],[-0.24153397561759343,-0.19087242701400475,0.22079027057854442],[-0.2521726417643263,0.15004481201531847,-0.19229081397921535],[-0.23024301599562266,0.18996908015641087,0.20517446354832192],[0.25610234895971995,0.18964338285362586,0.17788705484266482],[0.2404665915094862,0.16259659530026735,-0.21311494446204646],[-0.23897193536876057,-0.1823781323153961,-0.21716175436300905],[-0.2521726417643263,0.15004481201531847,-0.19229081397921535],[0.2404665915094862,0.16259659530026735,-0.21311494446204646],[0.26193601204379996,-0.1859185075006508,-0.18071628004246368],[0.26193601204379996,-0.1859185075006508,-0.18071628004246368],[0.2404665915094862,0.16259659530026735,-0.21311494446204646],[0.25610234895971995,0.18964338285362586,0.17788705484266482],[0.26064557695552854,-0.1521134917645093,0.17859897585612083],[0.26064557695552854,-0.1521134917645093,0.17859897585612083],[0.25610234895971995,0.18964338285362586,0.17788705484266482],[-0.23024301599562266,0.18996908015641087,0.20517446354832192],[-0.24153397561759343,-0.19087242701400475,0.22079027057854442],[-0.24153397561759343,-0.19087242701400475,0.22079027057854442],[-0.23024301599562266,0.18996908015641087,0.20517446354832192],[-0.2521726417643263,0.15004481201531847,-0.19229081397921535],[-0.23897193536876057,-0.1823781323153961,-0.21716175436300905]],"normals":[[0,-1,0],[0,-1,0],[0,-1,0],[0,-1,0],[0,1,0],[0,1,0],[0,1,0],[0,1,0],[-1,0,0],[-1,0,0],[-1,0,0],[-1,0,0],[1,0,0],[1,0,0],[1,0,0],[1,0,0],[0,0,1],[0,0,1],[0,0,1],[0,0,1],[0,0,-1],[0,0,-1],[0,0,-1],[0,0,-1]],"uvs":[[0.0,0.5],[0.25,0.5],[0.5,0.5],[0.75,0.5],[1.0,0.5],[1.75,0.5],[1.5,0.5],[1.25,0.5],[0.0,0.5],[1.0,0.5],[1.25,0.5],[0.25,0.5],[0.25,0.5],[1.25,0.5],[1.5,0.5],[0.5,0.5],[0.5,0.5],[1.5,0.5],[1.75,0.5],[0.75,0.5],[0.75,0.5],[1.75,0.5],[1.0,0.5],[0.0,0.5]],"indices":[0,1,2,0,2,3,4,5,6,4,6,7,8,9,10,8,10,11,12,13,14,12,14,15,16,17,18,16,18,19,20,21,22,20,22,23],"aabb":[-0.3,-0.22499999999999998,-0.25,0.3,0.22499999999999998,0.25],"material":{"diffuse":[0.45,0.48,0.52],"roughness":0.6,"metallic":0.15}}