{"version":1,"vertices":[[-0.4082329641461422,-0.2371346274675459,-0.2989536581979611],[0.3994696106369861,-0.25982119184863034,-0.3196031241264076],[0.400423309312012,-0.23640000855485013,0.28158572988002156],[-0.3894193104259966,-0.23303584587002477,0.2905275572051869],[-0.4104843081216813,0.24593825398805122,-0.28014932009090765],[-0.37502398160979,0.26321320079156296,0.314264236428651],[0.41662687499280804,0.2720550639533418,0.3129750289372964],[0.377991286421866,0.24805719199454876,-0.32270352778167544],[-0.4082329641461422,-0.2371346274675459,-0.2989536581979611],[-0.4104843081216813,0.24593825398805122,-0.28014932009090765],[0.377991286421866,0.24805719199454876,-0.32270352778167544],[0.3994696106369861,-0.25982119184863034,-0.3196031241264076],[0.3994696106369861,-0.25982119184863034,-0.3196031241264076],[0.377991286421866,0.24805719199454876,-0.32270352778167544],[0.41662687499280804,0.2720550639533418,0.3129750289372964],[0.400423309312012,-0.23640000855485013,0.28158572988002156],[0.400423309312012,-0.23640000855485013,0.28158572988002156],[0.41662687499280804,0.2720550639533418,0.3129750289372964],[-0.37502398160979,0.26321320079156296,0.314264236428651],[-0.3894193104259966,-0.23303584587002477,0.2905275572051869],[-0.3894193104259966,-0.23303584587002477,0.2905275572051869],[-0.37502398160979,0.26321320079156296,0.314264236428651],[-0.4104843081216813,0.24593825398805122,-0.28014932009090765],[-0.4082329641461422,-0.2371346274675459,-0.2989536581979611]],"normals":[[0,-1,0],[0,-1,0],[0,-1,0],[0,-1,0],[0,1,0],[0,1,0],[0,1,0],[0,1,0],[-1,0,0],[-1,0,0],[-1,0,0],[-1,0,0],[1,0,0],[1,0,0],[1,0,0],[1,0,0],[0,0,1],[0,0,1],[0,0,1],[0,0,1],[0,0,-1],[0,0,-1],[0,0,-1],[0,0,-1]],"uvs":[[0.0,0.5],[0.25,0.5],[0.5,0.5],[0.75,0.5],[1.0,0.5],[1.75,0.5],[1.5,0.5],[1.25,0.5],[0.0,0.5],[1.0,0.5],[1.25,0.5],[0.25,0.5],[0.25,0.5],[1.25,0.5],[1.5,0.5],[0.5,0.5],[0.5,0.5],[1.5,0.5],[1.75,0.5],[0.75,0.5],[0.75,0.5],[1.75,0.5],[1.0,0.5],[0.0,0.5]],"indices":[0,1,2,0,2,3,4,5,6,4,6,7,8,9,10,8,10,11,12,13,14,12,14,15,16,17,18,16,18,19,20,21,22,20,22,23],"aabb":[-0.45,-0.3,-0.35,0.45,0.3,0.35],"material":{"diffuse":[0.38,0.4,0.45],"roughness":0.5,"metallic":0.2}}