{"version":1,"vertices":[[0.0,0.0,0.0],[0.45,0.0,0.0],[0.3181980515339464,0.0,0.3181980515339464],[2.7554552980815448e-17,0.0,0.45],[-0.31819805153394637,0.0,0.3181980515339464],[-0.45,0.0,5.5109105961630896e-17],[-0.3181980515339465,0.0,-0.31819805153394637],[-8.266365894244634e-17,0.0,-0.45],[0.3181980515339463,0.0,-0.3181980515339465],[0.0,0.9,0.0]],"normals":[[0.0,-1.0,0.0],[-0.8387169808033101,-0.41935849040165507,-0.3474079484413457],[-0.34740794844134576,-0.41935849040165507,-0.8387169808033103],[0.3474079484413458,-0.4193584904016551,-0.8387169808033103],[0.8387169808033101,-0.41935849040165507,-0.3474079484413459],[0.8387169808033103,-0.4193584904016551,0.34740794844134565],[0.34740794844134587,-0.41935849040165507,0.8387169808033101],[-0.3474079484413457,-0.4193584904016551,0.8387169808033103],[-0.8387169808033101,-0.4193584904016551,0.34740794844134604],[0.0,1.0,0.0]],"uvs":[[0.5,0.5],[1.0,0.5],[0.8535533905932737,0.8535533905932737],[0.5,1.0],[0.14644660940672627,0.8535533905932737],[0.0,0.5000000000000001],[0.14644660940672616,0.14644660940672627],[0.4999999999999999,0.0],[0.8535533905932737,0.14644660940672616],[0.5,1.0]],"indices":[0,1,2,0,2,3,0,3,4,0,4,5,0,5,6,0,6,7,0,7,8,0,8,1,1,2,9,2,3,9,3,4,9,4,5,9,5,6,9,6,7,9,7,8,9,8,1,9],"aabb":[-0.45,0,-0.45,0.45,0.9,0.45],"material":{"diffuse":[0.25,0.48,0.18],"roughness":0.8,"metallic":0.0}}