{"version":1,"vertices":[[-0.2533089817990773,-0.16139195244388094,-0.1790227949513346],[0.24657174464067314,-0.18239745659452564,-0.22201488734306926],[0.23544715337102243,-0.1864428339105724,0.20324103842926242],[-0.25139927754119307,-0.16740804732856587,0.18002001420550537],[-0.27238220710896277,0.15496341148768603,-0.19593084712519648],[-0.2672522128356624,0.1751099834636062,0.1855291430579622],[0.2587421702140498,0.1851824657985991,0.2170032024395057],[0.25996307102399174,0.15084312168791386,-0.2027894866293492],[-0.2533089817990773,-0.16139195244388094,-0.1790227949513346],[-0.27238220710896277,0.15496341148768603,-0.19593084712519648],[0.25996307102399174,0.15084312168791386,-0.2027894866293492],[0.24657174464067314,-0.18239745659452564,-0.22201488734306926],[0.24657174464067314,-0.18239745659452564,-0.22201488734306926],[0.25996307102399174,0.15084312168791386,-0.2027894866293492],[0.2587421702140498,0.1851824657985991,0.2170032024395057],[0.23544715337102243,-0.1864428339105724,0.20324103842926242],[0.23544715337102243,-0.1864428339105724,0.20324103842926242],[0.2587421702140498,0.1851824657985991,0.2170032024395057],[-0.2672522128356624,0.1751099834636062,0.1855291430579622],[-0.25139927754119307,-0.16740804732856587,0.18002001420550537],[-0.25139927754119307,-0.16740804732856587,0.18002001420550537],[-0.2672522128356624,0.1751099834636062,0.1855291430579622],[-0.27238220710896277,0.15496341148768603,-0.19593084712519648],[-0.2533089817990773,-0.16139195244388094,-0.1790227949513346]],"normals":[[0,-1,0],[0,-1,0],[0,-1,0],[0,-1,0],[0,1,0],[0,1,0],[0,1,0],[0,1,0],[-1,0,0],[-1,0,0],[-1,0,0],[-1,0,0],[1,0,0],[1,0,0],[1,0,0],[1,0,0],[0,0,1],[0,0,1],[0,0,1],[0,0,1],[0,0,-1],[0,0,-1],[0,0,-1],[0,0,-1]],"uvs":[[0.0,0.5],[0.25,0.5],[0.5,0.5],[0.75,0.5],[1.0,0.5],[1.75,0.5],[1.5,0.5],[1.25,0.5],[0.0,0.5],[1.0,0.5],[1.25,0.5],[0.25,0.5],[0.25,0.5],[1.25,0.5],[1.5,0.5],[0.5,0.5],[0.5,0.5],[1.5,0.5],[1.75,0.5],[0.75,0.5],[0.75,0.5],[1.75,0.5],[1.0,0.5],[0.0,0.5]],"indices":[0,1,2,0,2,3,4,5,6,4,6,7,8,9,10,8,10,11,12,13,14,12,14,15,16,17,18,16,18,19,20,21,22,20,22,23],"aabb":[-0.3,-0.22499999999999998,-0.25,0.3,0.22499999999999998,0.25],"material":{"diffuse":[0.45,0.48,0.52],"roughness":0.6,"metallic":0.15}}