{"version":1,"vertices":[[-0.11066509093032856,-0.1104857564103475,-0.09817541551031493],[0.1355371641833297,-0.07716938735464551,-0.10652026880863778],[0.13732419544589772,-0.11456268408385033,0.11803138767417748],[-0.1178109179158319,-0.10971321656793911,0.13078301680614185],[-0.12441245988192862,0.1082231614856431,-0.0897550433453334],[-0.12690115298784152,0.08864265532072063,0.08561762952455876],[0.10564676571707643,0.0712527059213503,0.11030691433785457],[0.1325597574160257,0.07863463983895624,-0.09096324775808509],[-0.11066509093032856,-0.1104857564103475,-0.09817541551031493],[-0.12441245988192862,0.1082231614856431,-0.0897550433453334],[0.1325597574160257,0.07863463983895624,-0.09096324775808509],[0.1355371641833297,-0.07716938735464551,-0.10652026880863778],[0.1355371641833297,-0.07716938735464551,-0.10652026880863778],[0.1325597574160257,0.07863463983895624,-0.09096324775808509],[0.10564676571707643,0.0712527059213503,0.11030691433785457],[0.13732419544589772,-0.11456268408385033,0.11803138767417748],[0.13732419544589772,-0.11456268408385033,0.11803138767417748],[0.10564676571707643,0.0712527059213503,0.11030691433785457],[-0.12690115298784152,0.08864265532072063,0.08561762952455876],[-0.1178109179158319,-0.10971321656793911,0.13078301680614185],[-0.1178109179158319,-0.10971321656793911,0.13078301680614185],[-0.12690115298784152,0.08864265532072063,0.08561762952455876],[-0.12441245988192862,0.1082231614856431,-0.0897550433453334],[-0.11066509093032856,-0.1104857564103475,-0.09817541551031493]],"normals":[[0,-1,0],[0,-1,0],[0,-1,0],[0,-1,0],[0,1,0],[0,1,0],[0,1,0],[0,1,0],[-1,0,0],[-1,0,0],[-1,0,0],[-1,0,0],[1,0,0],[1,0,0],[1,0,0],[1,0,0],[0,0,1],[0,0,1],[0,0,1],[0,0,1],[0,0,-1],[0,0,-1],[0,0,-1],[0,0,-1]],"uvs":[[0.0,0.5],[0.25,0.5],[0.5,0.5],[0.75,0.5],[1.0,0.5],[1.75,0.5],[1.5,0.5],[1.25,0.5],[0.0,0.5],[1.0,0.5],[1.25,0.5],[0.25,0.5],[0.25,0.5],[1.25,0.5],[1.5,0.5],[0.5,0.5],[0.5,0.5],[1.5,0.5],[1.75,0.5],[0.75,0.5],[0.75,0.5],[1.75,0.5],[1.0,0.5],[0.0,0.5]],"indices":[0,1,2,0,2,3,4,5,6,4,6,7,8,9,10,8,10,11,12,13,14,12,14,15,16,17,18,16,18,19,20,21,22,20,22,23],"aabb":[-0.175,-0.14,-0.16,0.175,0.14,0.16],"material":{"diffuse":[0.55,0.55,0.58],"roughness":0.55,"metallic":0.1}}