{"version":1,"vertices":[[-0.1358811131522242,-0.06969182768039177,-0.11675841258924026],[0.10339433040439709,-0.09563559045092132,-0.08851445449124813],[0.11921357515137639,-0.08600956409842342,0.10881454075608644],[-0.13869699500656257,-0.10294988612332955,0.1258871008167232],[-0.11456932921427042,0.0964507463142597,-0.09487984990338615],[-0.13948007165809687,0.1008649085320466,0.13086004514164631],[0.13870094640961556,0.07872755914367598,0.1245811917014381],[0.12261238736868271,0.08346378412206001,-0.10666120287568194],[-0.1358811131522242,-0.06969182768039177,-0.11675841258924026],[-0.11456932921427042,0.0964507463142597,-0.09487984990338615],[0.12261238736868271,0.08346378412206001,-0.10666120287568194],[0.10339433040439709,-0.09563559045092132,-0.08851445449124813],[0.10339433040439709,-0.09563559045092132,-0.08851445449124813],[0.12261238736868271,0.08346378412206001,-0.10666120287568194],[0.13870094640961556,0.07872755914367598,0.1245811917014381],[0.11921357515137639,-0.08600956409842342,0.10881454075608644],[0.11921357515137639,-0.08600956409842342,0.10881454075608644],[0.13870094640961556,0.07872755914367598,0.1245811917014381],[-0.13948007165809687,0.1008649085320466,0.13086004514164631],[-0.13869699500656257,-0.10294988612332955,0.1258871008167232],[-0.13869699500656257,-0.10294988612332955,0.1258871008167232],[-0.13948007165809687,0.1008649085320466,0.13086004514164631],[-0.11456932921427042,0.0964507463142597,-0.09487984990338615],[-0.1358811131522242,-0.06969182768039177,-0.11675841258924026]],"normals":[[0,-1,0],[0,-1,0],[0,-1,0],[0,-1,0],[0,1,0],[0,1,0],[0,1,0],[0,1,0],[-1,0,0],[-1,0,0],[-1,0,0],[-1,0,0],[1,0,0],[1,0,0],[1,0,0],[1,0,0],[0,0,1],[0,0,1],[0,0,1],[0,0,1],[0,0,-1],[0,0,-1],[0,0,-1],[0,0,-1]],"uvs":[[0.0,0.5],[0.25,0.5],[0.5,0.5],[0.75,0.5],[1.0,0.5],[1.75,0.5],[1.5,0.5],[1.25,0.5],[0.0,0.5],[1.0,0.5],[1.25,0.5],[0.25,0.5],[0.25,0.5],[1.25,0.5],[1.5,0.5],[0.5,0.5],[0.5,0.5],[1.5,0.5],[1.75,0.5],[0.75,0.5],[0.75,0.5],[1.75,0.5],[1.0,0.5],[0.0,0.5]],"indices":[0,1,2,0,2,3,4,5,6,4,6,7,8,9,10,8,10,11,12,13,14,12,14,15,16,17,18,16,18,19,20,21,22,20,22,23],"aabb":[-0.175,-0.14,-0.16,0.175,0.14,0.16],"material":{"diffuse":[0.55,0.55,0.58],"roughness":0.55,"metallic":0.1}}