{"version":1,"vertices":[[-0.41815511223734564,-0.2569787622747865,-0.3070635424835323],[0.37689440801716173,-0.23928159770729093,-0.3114505266407318],[0.4089525748023515,-0.22610005016479115,0.29618017113202727],[-0.3753510815909142,-0.2594878197234358,0.3066426399144873],[-0.42054164220838114,0.24342946343738284,-0.2981848279436092],[-0.38997860913705723,0.22871038348822723,0.28543407758929573],[0.4084419546546988,0.2675287903728812,0.29522076227827554],[0.3977675618436606,0.26556406505676017,-0.30800699584697727],[-0.41815511223734564,-0.2569787622747865,-0.3070635424835323],[-0.42054164220838114,0.24342946343738284,-0.2981848279436092],[0.3977675618436606,0.26556406505676017,-0.30800699584697727],[0.37689440801716173,-0.23928159770729093,-0.3114505266407318],[0.37689440801716173,-0.23928159770729093,-0.3114505266407318],[0.3977675618436606,0.26556406505676017,-0.30800699584697727],[0.4084419546546988,0.2675287903728812,0.29522076227827554],[0.4089525748023515,-0.22610005016479115,0.29618017113202727],[0.4089525748023515,-0.22610005016479115,0.29618017113202727],[0.4084419546546988,0.2675287903728812,0.29522076227827554],[-0.38997860913705723,0.22871038348822723,0.28543407758929573],[-0.3753510815909142,-0.2594878197234358,0.3066426399144873],[-0.3753510815909142,-0.2594878197234358,0.3066426399144873],[-0.38997860913705723,0.22871038348822723,0.28543407758929573],[-0.42054164220838114,0.24342946343738284,-0.2981848279436092],[-0.41815511223734564,-0.2569787622747865,-0.3070635424835323]],"normals":[[0,-1,0],[0,-1,0],[0,-1,0],[0,-1,0],[0,1,0],[0,1,0],[0,1,0],[0,1,0],[-1,0,0],[-1,0,0],[-1,0,0],[-1,0,0],[1,0,0],[1,0,0],[1,0,0],[1,0,0],[0,0,1],[0,0,1],[0,0,1],[0,0,1],[0,0,-1],[0,0,-1],[0,0,-1],[0,0,-1]],"uvs":[[0.0,0.5],[0.25,0.5],[0.5,0.5],[0.75,0.5],[1.0,0.5],[1.75,0.5],[1.5,0.5],[1.25,0.5],[0.0,0.5],[1.0,0.5],[1.25,0.5],[0.25,0.5],[0.25,0.5],[1.25,0.5],[1.5,0.5],[0.5,0.5],[0.5,0.5],[1.5,0.5],[1.75,0.5],[0.75,0.5],[0.75,0.5],[1.75,0.5],[1.0,0.5],[0.0,0.5]],"indices":[0,1,2,0,2,3,4,5,6,4,6,7,8,9,10,8,10,11,12,13,14,12,14,15,16,17,18,16,18,19,20,21,22,20,22,23],"aabb":[-0.45,-0.3,-0.35,0.45,0.3,0.35],"material":{"diffuse":[0.38,0.4,0.45],"roughness":0.5,"metallic":0.2}}