{"version":1,"vertices":[[-0.10141550343267414,-0.07265378902664636,-0.1272252487771996],[0.1312968637112808,-0.10161071516869337,-0.11049311862867826],[0.1162027540437276,-0.10651677577087973,0.12253807392538099],[-0.10196941856605714,-0.08147396664258778,0.1258028439169881],[-0.13724048485403625,0.09227284063627234,-0.12604544932456782],[-0.14589087544084248,0.07269577113148164,0.12567478654213146],[0.12892464650514784,0.10681353602107607,0.08525396913042647],[0.12787592987735003,0.10712810371063669,-0.1230557091552276],[-0.10141550343267414,-0.07265378902664636,-0.1272252487771996],[-0.13724048485403625,0.09227284063627234,-0.12604544932456782],[0.12787592987735003,0.10712810371063669,-0.1230557091552276],[0.1312968637112808,-0.10161071516869337,-0.11049311862867826],[0.1312968637112808,-0.10161071516869337,-0.11049311862867826],[0.12787592987735003,0.10712810371063669,-0.1230557091552276],[0.12892464650514784,0.10681353602107607,0.08525396913042647],[0.1162027540437276,-0.10651677577087973,0.12253807392538099],[0.1162027540437276,-0.10651677577087973,0.12253807392538099],[0.12892464650514784,0.10681353602107607,0.08525396913042647],[-0.14589087544084248,0.07269577113148164,0.12567478654213146],[-0.10196941856605714,-0.08147396664258778,0.1258028439169881],[-0.10196941856605714,-0.08147396664258778,0.1258028439169881],[-0.14589087544084248,0.07269577113148164,0.12567478654213146],[-0.13724048485403625,0.09227284063627234,-0.12604544932456782],[-0.10141550343267414,-0.07265378902664636,-0.1272252487771996]],"normals":[[0,-1,0],[0,-1,0],[0,-1,0],[0,-1,0],[0,1,0],[0,1,0],[0,1,0],[0,1,0],[-1,0,0],[-1,0,0],[-1,0,0],[-1,0,0],[1,0,0],[1,0,0],[1,0,0],[1,0,0],[0,0,1],[0,0,1],[0,0,1],[0,0,1],[0,0,-1],[0,0,-1],[0,0,-1],[0,0,-1]],"uvs":[[0.0,0.5],[0.25,0.5],[0.5,0.5],[0.75,0.5],[1.0,0.5],[1.75,0.5],[1.5,0.5],[1.25,0.5],[0.0,0.5],[1.0,0.5],[1.25,0.5],[0.25,0.5],[0.25,0.5],[1.25,0.5],[1.5,0.5],[0.5,0.5],[0.5,0.5],[1.5,0.5],[1.75,0.5],[0.75,0.5],[0.75,0.5],[1.75,0.5],[1.0,0.5],[0.0,0.5]],"indices":[0,1,2,0,2,3,4,5,6,4,6,7,8,9,10,8,10,11,12,13,14,12,14,15,16,17,18,16,18,19,20,21,22,20,22,23],"aabb":[-0.175,-0.14,-0.16,0.175,0.14,0.16],"material":{"diffuse":[0.55,0.55,0.58],"roughness":0.55,"metallic":0.1}}