{"version":1,"vertices":[[-0.232972192370456,-0.1822788261630437,-0.1872014499725439],[0.2598618664194525,-0.1793972367028117,-0.1933214126772497],[0.24862539738005923,-0.1850330361949618,0.21721212690742156],[-0.26853837305116696,-0.18244422813311853,0.2239168372327755],[-0.2646508059373628,0.18680923428601703,-0.21950091751850825],[-0.26268544929271076,0.17382624864322038,0.20624297507846812],[0.2515161233827314,0.17017890553388879,0.20726769984655016],[0.24039764081492698,0.17554655167682218,-0.1837958358791297],[-0.232972192370456,-0.1822788261630437,-0.1872014499725439],[-0.2646508059373628,0.18680923428601703,-0.21950091751850825],[0.24039764081492698,0.17554655167682218,-0.1837958358791297],[0.2598618664194525,-0.1793972367028117,-0.1933214126772497],[0.2598618664194525,-0.1793972367028117,-0.1933214126772497],[0.24039764081492698,0.17554655167682218,-0.1837958358791297],[0.2515161233827314,0.17017890553388879,0.20726769984655016],[0.24862539738005923,-0.1850330361949618,0.21721212690742156],[0.24862539738005923,-0.1850330361949618,0.21721212690742156],[0.2515161233827314,0.17017890553388879,0.20726769984655016],[-0.26268544929271076,0.17382624864322038,0.20624297507846812],[-0.26853837305116696,-0.18244422813311853,0.2239168372327755],[-0.26853837305116696,-0.18244422813311853,0.2239168372327755],[-0.26268544929271076,0.17382624864322038,0.20624297507846812],[-0.2646508059373628,0.18680923428601703,-0.21950091751850825],[-0.232972192370456,-0.1822788261630437,-0.1872014499725439]],"normals":[[0,-1,0],[0,-1,0],[0,-1,0],[0,-1,0],[0,1,0],[0,1,0],[0,1,0],[0,1,0],[-1,0,0],[-1,0,0],[-1,0,0],[-1,0,0],[1,0,0],[1,0,0],[1,0,0],[1,0,0],[0,0,1],[0,0,1],[0,0,1],[0,0,1],[0,0,-1],[0,0,-1],[0,0,-1],[0,0,-1]],"uvs":[[0.0,0.5],[0.25,0.5],[0.5,0.5],[0.75,0.5],[1.0,0.5],[1.75,0.5],[1.5,0.5],[1.25,0.5],[0.0,0.5],[1.0,0.5],[1.25,0.5],[0.25,0.5],[0.25,0.5],[1.25,0.5],[1.5,0.5],[0.5,0.5],[0.5,0.5],[1.5,0.5],[1.75,0.5],[0.75,0.5],[0.75,0.5],[1.75,0.5],[1.0,0.5],[0.0,0.5]],"indices":[0,1,2,0,2,3,4,5,6,4,6,7,8,9,10,8,10,11,12,13,14,12,14,15,16,17,18,16,18,19,20,21,22,20,22,23],"aabb":[-0.3,-0.22499999999999998,-0.25,0.3,0.22499999999999998,0.25],"material":{"diffuse":[0.45,0.48,0.52],"roughness":0.6,"metallic":0.15}}