{"version":1,"vertices":[[-0.2327621684062046,-0.16163697157266624,-0.1767404601787765],[0.2389043455763896,-0.19384549854544722,-0.2050750847475037],[0.24520735449332995,-0.1594704855140701,0.19045280415265603],[-0.22733572364818644,-0.15808933302474562,0.17588285362291925],[-0.22886770878221996,0.19974366204189936,-0.22265813121124328],[-0.269336819979756,0.18630846667683135,0.2172577891301684],[0.2274589583388315,0.17176254336046756,0.20852492569009118],[0.2610157354317371,0.19303704182676107,-0.19306874622054418],[-0.2327621684062046,-0.16163697157266624,-0.1767404601787765],[-0.22886770878221996,0.19974366204189936,-0.22265813121124328],[0.2610157354317371,0.19303704182676107,-0.19306874622054418],[0.2389043455763896,-0.19384549854544722,-0.2050750847475037],[0.2389043455763896,-0.19384549854544722,-0.2050750847475037],[0.2610157354317371,0.19303704182676107,-0.19306874622054418],[0.2274589583388315,0.17176254336046756,0.20852492569009118],[0.24520735449332995,-0.1594704855140701,0.19045280415265603],[0.24520735449332995,-0.1594704855140701,0.19045280415265603],[0.2274589583388315,0.17176254336046756,0.20852492569009118],[-0.269336819979756,0.18630846667683135,0.2172577891301684],[-0.22733572364818644,-0.15808933302474562,0.17588285362291925],[-0.22733572364818644,-0.15808933302474562,0.17588285362291925],[-0.269336819979756,0.18630846667683135,0.2172577891301684],[-0.22886770878221996,0.19974366204189936,-0.22265813121124328],[-0.2327621684062046,-0.16163697157266624,-0.1767404601787765]],"normals":[[0,-1,0],[0,-1,0],[0,-1,0],[0,-1,0],[0,1,0],[0,1,0],[0,1,0],[0,1,0],[-1,0,0],[-1,0,0],[-1,0,0],[-1,0,0],[1,0,0],[1,0,0],[1,0,0],[1,0,0],[0,0,1],[0,0,1],[0,0,1],[0,0,1],[0,0,-1],[0,0,-1],[0,0,-1],[0,0,-1]],"uvs":[[0.0,0.5],[0.25,0.5],[0.5,0.5],[0.75,0.5],[1.0,0.5],[1.75,0.5],[1.5,0.5],[1.25,0.5],[0.0,0.5],[1.0,0.5],[1.25,0.5],[0.25,0.5],[0.25,0.5],[1.25,0.5],[1.5,0.5],[0.5,0.5],[0.5,0.5],[1.5,0.5],[1.75,0.5],[0.75,0.5],[0.75,0.5],[1.75,0.5],[1.0,0.5],[0.0,0.5]],"indices":[0,1,2,0,2,3,4,5,6,4,6,7,8,9,10,8,10,11,12,13,14,12,14,15,16,17,18,16,18,19,20,21,22,20,22,23],"aabb":[-0.3,-0.22499999999999998,-0.25,0.3,0.22499999999999998,0.25],"material":{"diffuse":[0.45,0.48,0.52],"roughness":0.6,"metallic":0.15}}