{"version":1,"vertices":[[-0.2675161152269052,-0.17901469508792328,-0.2113373891906706],[0.2697319874568705,-0.180848242829656,-0.2183654330888934],[0.2382238516071568,-0.18870666522106494,0.21427468460385463],[-0.2743896904243761,-0.1645157856277118,0.1831384025764117],[-0.26396071376004654,0.1757958342687821,-0.21267228710716982],[-0.2589221007499511,0.1705045496122582,0.2004097643604168],[0.23876576362431998,0.1938395874537406,0.2128523014817658],[0.2357626797879613,0.16851756214837643,-0.19292252169478322],[-0.2675161152269052,-0.17901469508792328,-0.2113373891906706],[-0.26396071376004654,0.1757958342687821,-0.21267228710716982],[0.2357626797879613,0.16851756214837643,-0.19292252169478322],[0.2697319874568705,-0.180848242829656,-0.2183654330888934],[0.2697319874568705,-0.180848242829656,-0.2183654330888934],[0.2357626797879613,0.16851756214837643,-0.19292252169478322],[0.23876576362431998,0.1938395874537406,0.2128523014817658],[0.2382238516071568,-0.18870666522106494,0.21427468460385463],[0.2382238516071568,-0.18870666522106494,0.21427468460385463],[0.23876576362431998,0.1938395874537406,0.2128523014817658],[-0.2589221007499511,0.1705045496122582,0.2004097643604168],[-0.2743896904243761,-0.1645157856277118,0.1831384025764117],[-0.2743896904243761,-0.1645157856277118,0.1831384025764117],[-0.2589221007499511,0.1705045496122582,0.2004097643604168],[-0.26396071376004654,0.1757958342687821,-0.21267228710716982],[-0.2675161152269052,-0.17901469508792328,-0.2113373891906706]],"normals":[[0,-1,0],[0,-1,0],[0,-1,0],[0,-1,0],[0,1,0],[0,1,0],[0,1,0],[0,1,0],[-1,0,0],[-1,0,0],[-1,0,0],[-1,0,0],[1,0,0],[1,0,0],[1,0,0],[1,0,0],[0,0,1],[0,0,1],[0,0,1],[0,0,1],[0,0,-1],[0,0,-1],[0,0,-1],[0,0,-1]],"uvs":[[0.0,0.5],[0.25,0.5],[0.5,0.5],[0.75,0.5],[1.0,0.5],[1.75,0.5],[1.5,0.5],[1.25,0.5],[0.0,0.5],[1.0,0.5],[1.25,0.5],[0.25,0.5],[0.25,0.5],[1.25,0.5],[1.5,0.5],[0.5,0.5],[0.5,0.5],[1.5,0.5],[1.75,0.5],[0.75,0.5],[0.75,0.5],[1.75,0.5],[1.0,0.5],[0.0,0.5]],"indices":[0,1,2,0,2,3,4,5,6,4,6,7,8,9,10,8,10,11,12,13,14,12,14,15,16,17,18,16,18,19,20,21,22,20,22,23],"aabb":[-0.3,-0.22499999999999998,-0.25,0.3,0.22499999999999998,0.25],"material":{"diffuse":[0.45,0.48,0.52],"roughness":0.6,"metallic":0.15}}