{"version":1,"vertices":[[0.0,0.0,0.0],[0.35,0.0,0.0],[0.17500000000000002,0.0,0.3031088913245535],[-0.1749999999999999,0.0,0.30310889132455354],[-0.35,0.0,4.286263797015736e-17],[-0.17500000000000016,0.0,-0.30310889132455343],[0.17500000000000002,0.0,-0.3031088913245535],[0.0,0.4,0.0]],"normals":[[0.0,-1.0,0.0],[-0.690236770251661,-0.6039571739702033,-0.39850838510937436],[-1.264094813298904e-16,-0.6039571739702033,-0.7970167702187487],[0.6902367702516609,-0.6039571739702032,-0.39850838510937453],[0.6902367702516611,-0.6039571739702033,0.3985083851093741],[1.264094813298903e-16,-0.6039571739702032,0.7970167702187487],[-0.690236770251661,-0.6039571739702033,0.39850838510937436],[0.0,1.0,0.0]],"uvs":[[0.5,0.5],[1.0,0.5],[0.75,0.9330127018922193],[0.2500000000000001,0.9330127018922194],[0.0,0.5000000000000001],[0.24999999999999978,0.06698729810778081],[0.75,0.0669872981077807],[0.5,1.0]],"indices":[0,1,2,0,2,3,0,3,4,0,4,5,0,5,6,0,6,1,1,2,7,2,3,7,3,4,7,4,5,7,5,6,7,6,1,7],"aabb":[-0.35,0,-0.35,0.35,0.4,0.35],"material":{"diffuse":[0.3,0.5,0.2],"roughness":0.9,"metallic":0.0}}