{"version":1,"vertices":[[-0.423015259500945,-0.2645966573672218,-0.31141859521356663],[0.41793590885188775,-0.24714309742999643,-0.31041787447620073],[0.39713769845404,-0.2544768078350957,0.2931471723747232],[-0.3979173218489617,-0.22616945842733482,0.3130437624289981],[-0.38429596843536024,0.2727598987923842,-0.29688088299274473],[-0.4173580936562994,0.2553009769503123,0.2846741045083858],[0.389744790890248,0.2558079829762512,0.3083607275435605],[0.40165717615480584,0.2604843851677896,-0.31887131684234993],[-0.423015259500945,-0.2645966573672218,-0.31141859521356663],[-0.38429596843536024,0.2727598987923842,-0.29688088299274473],[0.40165717615480584,0.2604843851677896,-0.31887131684234993],[0.41793590885188775,-0.24714309742999643,-0.31041787447620073],[0.41793590885188775,-0.24714309742999643,-0.31041787447620073],[0.40165717615480584,0.2604843851677896,-0.31887131684234993],[0.389744790890248,0.2558079829762512,0.3083607275435605],[0.39713769845404,-0.2544768078350957,0.2931471723747232],[0.39713769845404,-0.2544768078350957,0.2931471723747232],[0.389744790890248,0.2558079829762512,0.3083607275435605],[-0.4173580936562994,0.2553009769503123,0.2846741045083858],[-0.3979173218489617,-0.22616945842733482,0.3130437624289981],[-0.3979173218489617,-0.22616945842733482,0.3130437624289981],[-0.4173580936562994,0.2553009769503123,0.2846741045083858],[-0.38429596843536024,0.2727598987923842,-0.29688088299274473],[-0.423015259500945,-0.2645966573672218,-0.31141859521356663]],"normals":[[0,-1,0],[0,-1,0],[0,-1,0],[0,-1,0],[0,1,0],[0,1,0],[0,1,0],[0,1,0],[-1,0,0],[-1,0,0],[-1,0,0],[-1,0,0],[1,0,0],[1,0,0],[1,0,0],[1,0,0],[0,0,1],[0,0,1],[0,0,1],[0,0,1],[0,0,-1],[0,0,-1],[0,0,-1],[0,0,-1]],"uvs":[[0.0,0.5],[0.25,0.5],[0.5,0.5],[0.75,0.5],[1.0,0.5],[1.75,0.5],[1.5,0.5],[1.25,0.5],[0.0,0.5],[1.0,0.5],[1.25,0.5],[0.25,0.5],[0.25,0.5],[1.25,0.5],[1.5,0.5],[0.5,0.5],[0.5,0.5],[1.5,0.5],[1.75,0.5],[0.75,0.5],[0.75,0.5],[1.75,0.5],[1.0,0.5],[0.0,0.5]],"indices":[0,1,2,0,2,3,4,5,6,4,6,7,8,9,10,8,10,11,12,13,14,12,14,15,16,17,18,16,18,19,20,21,22,20,22,23],"aabb":[-0.45,-0.3,-0.35,0.45,0.3,0.35],"material":{"diffuse":[0.38,0.4,0.45],"roughness":0.5,"metallic":0.2}}