{"version":1,"vertices":[[-0.24718083582187902,-0.15485599710693043,-0.1794837722463965],[0.22575448332427855,-0.17494581399971135,-0.18262808241295989],[0.2597960729419883,-0.17213370459120347,0.19768309011086174],[-0.26843384087821814,-0.17412305902557684,0.21872857617341815],[-0.22750818728505073,0.16394453074478138,-0.197951580618781],[-0.24477752146523965,0.16959547365248792,0.17941619834750314],[0.2638103791260887,0.17597583624016153,0.22371251898225503],[0.23099627613431725,0.19963352197945752,-0.18707701245009917],[-0.24718083582187902,-0.15485599710693043,-0.1794837722463965],[-0.22750818728505073,0.16394453074478138,-0.197951580618781],[0.23099627613431725,0.19963352197945752,-0.18707701245009917],[0.22575448332427855,-0.17494581399971135,-0.18262808241295989],[0.22575448332427855,-0.17494581399971135,-0.18262808241295989],[0.23099627613431725,0.19963352197945752,-0.18707701245009917],[0.2638103791260887,0.17597583624016153,0.22371251898225503],[0.2597960729419883,-0.17213370459120347,0.19768309011086174],[0.2597960729419883,-0.17213370459120347,0.19768309011086174],[0.2638103791260887,0.17597583624016153,0.22371251898225503],[-0.24477752146523965,0.16959547365248792,0.17941619834750314],[-0.26843384087821814,-0.17412305902557684,0.21872857617341815],[-0.26843384087821814,-0.17412305902557684,0.21872857617341815],[-0.24477752146523965,0.16959547365248792,0.17941619834750314],[-0.22750818728505073,0.16394453074478138,-0.197951580618781],[-0.24718083582187902,-0.15485599710693043,-0.1794837722463965]],"normals":[[0,-1,0],[0,-1,0],[0,-1,0],[0,-1,0],[0,1,0],[0,1,0],[0,1,0],[0,1,0],[-1,0,0],[-1,0,0],[-1,0,0],[-1,0,0],[1,0,0],[1,0,0],[1,0,0],[1,0,0],[0,0,1],[0,0,1],[0,0,1],[0,0,1],[0,0,-1],[0,0,-1],[0,0,-1],[0,0,-1]],"uvs":[[0.0,0.5],[0.25,0.5],[0.5,0.5],[0.75,0.5],[1.0,0.5],[1.75,0.5],[1.5,0.5],[1.25,0.5],[0.0,0.5],[1.0,0.5],[1.25,0.5],[0.25,0.5],[0.25,0.5],[1.25,0.5],[1.5,0.5],[0.5,0.5],[0.5,0.5],[1.5,0.5],[1.75,0.5],[0.75,0.5],[0.75,0.5],[1.75,0.5],[1.0,0.5],[0.0,0.5]],"indices":[0,1,2,0,2,3,4,5,6,4,6,7,8,9,10,8,10,11,12,13,14,12,14,15,16,17,18,16,18,19,20,21,22,20,22,23],"aabb":[-0.3,-0.22499999999999998,-0.25,0.3,0.22499999999999998,0.25],"material":{"diffuse":[0.45,0.48,0.52],"roughness":0.6,"metallic":0.15}}