{"version":1,"vertices":[[-0.40760326360689264,-0.22998626423652332,-0.28349410662509567],[0.40052950313665436,-0.23994463890777906,-0.27738730159985764],[0.3806755144256513,-0.2308824834895183,0.2779949766313533],[-0.3863190897824194,-0.2593635907641129,0.3074534783542237],[-0.41104591991233363,0.24391383358300828,-0.303276317300089],[-0.39967176399082815,0.2265768353495977,0.2872754666151031],[0.38057946725605385,0.25568351003941414,0.3204280936739972],[0.4084326388019308,0.272242943601114,-0.3217867785237523],[-0.40760326360689264,-0.22998626423652332,-0.28349410662509567],[-0.41104591991233363,0.24391383358300828,-0.303276317300089],[0.4084326388019308,0.272242943601114,-0.3217867785237523],[0.40052950313665436,-0.23994463890777906,-0.27738730159985764],[0.40052950313665436,-0.23994463890777906,-0.27738730159985764],[0.4084326388019308,0.272242943601114,-0.3217867785237523],[0.38057946725605385,0.25568351003941414,0.3204280936739972],[0.3806755144256513,-0.2308824834895183,0.2779949766313533],[0.3806755144256513,-0.2308824834895183,0.2779949766313533],[0.38057946725605385,0.25568351003941414,0.3204280936739972],[-0.39967176399082815,0.2265768353495977,0.2872754666151031],[-0.3863190897824194,-0.2593635907641129,0.3074534783542237],[-0.3863190897824194,-0.2593635907641129,0.3074534783542237],[-0.39967176399082815,0.2265768353495977,0.2872754666151031],[-0.41104591991233363,0.24391383358300828,-0.303276317300089],[-0.40760326360689264,-0.22998626423652332,-0.28349410662509567]],"normals":[[0,-1,0],[0,-1,0],[0,-1,0],[0,-1,0],[0,1,0],[0,1,0],[0,1,0],[0,1,0],[-1,0,0],[-1,0,0],[-1,0,0],[-1,0,0],[1,0,0],[1,0,0],[1,0,0],[1,0,0],[0,0,1],[0,0,1],[0,0,1],[0,0,1],[0,0,-1],[0,0,-1],[0,0,-1],[0,0,-1]],"uvs":[[0.0,0.5],[0.25,0.5],[0.5,0.5],[0.75,0.5],[1.0,0.5],[1.75,0.5],[1.5,0.5],[1.25,0.5],[0.0,0.5],[1.0,0.5],[1.25,0.5],[0.25,0.5],[0.25,0.5],[1.25,0.5],[1.5,0.5],[0.5,0.5],[0.5,0.5],[1.5,0.5],[1.75,0.5],[0.75,0.5],[0.75,0.5],[1.75,0.5],[1.0,0.5],[0.0,0.5]],"indices":[0,1,2,0,2,3,4,5,6,4,6,7,8,9,10,8,10,11,12,13,14,12,14,15,16,17,18,16,18,19,20,21,22,20,22,23],"aabb":[-0.45,-0.3,-0.35,0.45,0.3,0.35],"material":{"diffuse":[0.38,0.4,0.45],"roughness":0.5,"metallic":0.2}}