{"version":1,"vertices":[[-0.3771842546317346,-0.23765504965902512,-0.2880524706508319],[0.4027554346718211,-0.22812522394350176,-0.32300999257085194],[0.40788813137743857,-0.23848502969947694,0.301082480704857],[-0.38750551608853273,-0.2726423423673071,0.31365619654662324],[-0.4108210600378108,0.2276775704423256,-0.3081973099682757],[-0.412772597070206,0.23464143423426043,0.3212361272202847],[0.38174689586828153,0.24637281713949283,0.2953539532570105],[0.400925311038222,0.24733193606888806,-0.2888909449190847],[-0.3771842546317346,-0.23765504965902512,-0.2880524706508319],[-0.4108210600378108,0.2276775704423256,-0.3081973099682757],[0.400925311038222,0.24733193606888806,-0.2888909449190847],[0.4027554346718211,-0.22812522394350176,-0.32300999257085194],[0.4027554346718211,-0.22812522394350176,-0.32300999257085194],[0.400925311038222,0.24733193606888806,-0.2888909449190847],[0.38174689586828153,0.24637281713949283,0.2953539532570105],[0.40788813137743857,-0.23848502969947694,0.301082480704857],[0.40788813137743857,-0.23848502969947694,0.301082480704857],[0.38174689586828153,0.24637281713949283,0.2953539532570105],[-0.412772597070206,0.23464143423426043,0.3212361272202847],[-0.38750551608853273,-0.2726423423673071,0.31365619654662324],[-0.38750551608853273,-0.2726423423673071,0.31365619654662324],[-0.412772597070206,0.23464143423426043,0.3212361272202847],[-0.4108210600378108,0.2276775704423256,-0.3081973099682757],[-0.3771842546317346,-0.23765504965902512,-0.2880524706508319]],"normals":[[0,-1,0],[0,-1,0],[0,-1,0],[0,-1,0],[0,1,0],[0,1,0],[0,1,0],[0,1,0],[-1,0,0],[-1,0,0],[-1,0,0],[-1,0,0],[1,0,0],[1,0,0],[1,0,0],[1,0,0],[0,0,1],[0,0,1],[0,0,1],[0,0,1],[0,0,-1],[0,0,-1],[0,0,-1],[0,0,-1]],"uvs":[[0.0,0.5],[0.25,0.5],[0.5,0.5],[0.75,0.5],[1.0,0.5],[1.75,0.5],[1.5,0.5],[1.25,0.5],[0.0,0.5],[1.0,0.5],[1.25,0.5],[0.25,0.5],[0.25,0.5],[1.25,0.5],[1.5,0.5],[0.5,0.5],[0.5,0.5],[1.5,0.5],[1.75,0.5],[0.75,0.5],[0.75,0.5],[1.75,0.5],[1.0,0.5],[0.0,0.5]],"indices":[0,1,2,0,2,3,4,5,6,4,6,7,8,9,10,8,10,11,12,13,14,12,14,15,16,17,18,16,18,19,20,21,22,20,22,23],"aabb":[-0.45,-0.3,-0.35,0.45,0.3,0.35],"material":{"diffuse":[0.38,0.4,0.45],"roughness":0.5,"metallic":0.2}}