{"version":1,"vertices":[[-0.13536898370515055,-0.0761783840973962,-0.13141399207991106],[0.1209658076237202,-0.07425438143166718,-0.11366214078286506],[0.14141625236716465,-0.08135388659406251,0.1318043569501913],[-0.1451619517602948,-0.11019706425750112,0.12326840341662054],[-0.1042821429022647,0.0905719262268469,-0.13144542602121007],[-0.10221872851533899,0.09160659192991978,0.08979766145018042],[0.1435407695559711,0.10359526455389778,0.09665247601669683],[0.14498882385802533,0.10603450573180351,-0.11298004096049322],[-0.13536898370515055,-0.0761783840973962,-0.13141399207991106],[-0.1042821429022647,0.0905719262268469,-0.13144542602121007],[0.14498882385802533,0.10603450573180351,-0.11298004096049322],[0.1209658076237202,-0.07425438143166718,-0.11366214078286506],[0.1209658076237202,-0.07425438143166718,-0.11366214078286506],[0.14498882385802533,0.10603450573180351,-0.11298004096049322],[0.1435407695559711,0.10359526455389778,0.09665247601669683],[0.14141625236716465,-0.08135388659406251,0.1318043569501913],[0.14141625236716465,-0.08135388659406251,0.1318043569501913],[0.1435407695559711,0.10359526455389778,0.09665247601669683],[-0.10221872851533899,0.09160659192991978,0.08979766145018042],[-0.1451619517602948,-0.11019706425750112,0.12326840341662054],[-0.1451619517602948,-0.11019706425750112,0.12326840341662054],[-0.10221872851533899,0.09160659192991978,0.08979766145018042],[-0.1042821429022647,0.0905719262268469,-0.13144542602121007],[-0.13536898370515055,-0.0761783840973962,-0.13141399207991106]],"normals":[[0,-1,0],[0,-1,0],[0,-1,0],[0,-1,0],[0,1,0],[0,1,0],[0,1,0],[0,1,0],[-1,0,0],[-1,0,0],[-1,0,0],[-1,0,0],[1,0,0],[1,0,0],[1,0,0],[1,0,0],[0,0,1],[0,0,1],[0,0,1],[0,0,1],[0,0,-1],[0,0,-1],[0,0,-1],[0,0,-1]],"uvs":[[0.0,0.5],[0.25,0.5],[0.5,0.5],[0.75,0.5],[1.0,0.5],[1.75,0.5],[1.5,0.5],[1.25,0.5],[0.0,0.5],[1.0,0.5],[1.25,0.5],[0.25,0.5],[0.25,0.5],[1.25,0.5],[1.5,0.5],[0.5,0.5],[0.5,0.5],[1.5,0.5],[1.75,0.5],[0.75,0.5],[0.75,0.5],[1.75,0.5],[1.0,0.5],[0.0,0.5]],"indices":[0,1,2,0,2,3,4,5,6,4,6,7,8,9,10,8,10,11,12,13,14,12,14,15,16,17,18,16,18,19,20,21,22,20,22,23],"aabb":[-0.175,-0.14,-0.16,0.175,0.14,0.16],"material":{"diffuse":[0.55,0.55,0.58],"roughness":0.55,"metallic":0.1}}