{"version":1,"vertices":[[-0.10414373714593134,-0.07548852475080595,-0.12189750383635693],[0.11204973014206099,-0.08536551702031561,-0.10316863635342237],[0.10832163254084941,-0.10872935328850744,0.11304049975016811],[-0.10790777992033647,-0.07828004992573466,0.09339855448130104],[-0.1442024483356878,0.0830661351621719,-0.09533151878658193],[-0.1367752834753696,0.11381784966445554,0.1233745085419721],[0.1035757420779279,0.08535955798030462,0.08887571345020187],[0.1379678608264568,0.0940084176557189,-0.125025359703241],[-0.10414373714593134,-0.07548852475080595,-0.12189750383635693],[-0.1442024483356878,0.0830661351621719,-0.09533151878658193],[0.1379678608264568,0.0940084176557189,-0.125025359703241],[0.11204973014206099,-0.08536551702031561,-0.10316863635342237],[0.11204973014206099,-0.08536551702031561,-0.10316863635342237],[0.1379678608264568,0.0940084176557189,-0.125025359703241],[0.1035757420779279,0.08535955798030462,0.08887571345020187],[0.10832163254084941,-0.10872935328850744,0.11304049975016811],[0.10832163254084941,-0.10872935328850744,0.11304049975016811],[0.1035757420779279,0.08535955798030462,0.08887571345020187],[-0.1367752834753696,0.11381784966445554,0.1233745085419721],[-0.10790777992033647,-0.07828004992573466,0.09339855448130104],[-0.10790777992033647,-0.07828004992573466,0.09339855448130104],[-0.1367752834753696,0.11381784966445554,0.1233745085419721],[-0.1442024483356878,0.0830661351621719,-0.09533151878658193],[-0.10414373714593134,-0.07548852475080595,-0.12189750383635693]],"normals":[[0,-1,0],[0,-1,0],[0,-1,0],[0,-1,0],[0,1,0],[0,1,0],[0,1,0],[0,1,0],[-1,0,0],[-1,0,0],[-1,0,0],[-1,0,0],[1,0,0],[1,0,0],[1,0,0],[1,0,0],[0,0,1],[0,0,1],[0,0,1],[0,0,1],[0,0,-1],[0,0,-1],[0,0,-1],[0,0,-1]],"uvs":[[0.0,0.5],[0.25,0.5],[0.5,0.5],[0.75,0.5],[1.0,0.5],[1.75,0.5],[1.5,0.5],[1.25,0.5],[0.0,0.5],[1.0,0.5],[1.25,0.5],[0.25,0.5],[0.25,0.5],[1.25,0.5],[1.5,0.5],[0.5,0.5],[0.5,0.5],[1.5,0.5],[1.75,0.5],[0.75,0.5],[0.75,0.5],[1.75,0.5],[1.0,0.5],[0.0,0.5]],"indices":[0,1,2,0,2,3,4,5,6,4,6,7,8,9,10,8,10,11,12,13,14,12,14,15,16,17,18,16,18,19,20,21,22,20,22,23],"aabb":[-0.175,-0.14,-0.16,0.175,0.14,0.16],"material":{"diffuse":[0.55,0.55,0.58],"roughness":0.55,"metallic":0.1}}