{"version":1,"vertices":[[-0.10133920228381814,-0.09690815191890939,-0.09428733968396782],[0.1267929860604134,-0.09409823382222496,-0.10716153121692991],[0.14297046516315728,-0.104573735848634,0.11825941537092179],[-0.11842917478555352,-0.07031057404933322,0.10170846844179016],[-0.12615022329853876,0.09363323070405913,-0.10917996661760171],[-0.11237097565321359,0.08755317682032585,0.10484079577439508],[0.12322182071685872,0.10426724189565081,0.10981241052960872],[0.1246840978597452,0.10854255129709268,-0.09127495850546498],[-0.10133920228381814,-0.09690815191890939,-0.09428733968396782],[-0.12615022329853876,0.09363323070405913,-0.10917996661760171],[0.1246840978597452,0.10854255129709268,-0.09127495850546498],[0.1267929860604134,-0.09409823382222496,-0.10716153121692991],[0.1267929860604134,-0.09409823382222496,-0.10716153121692991],[0.1246840978597452,0.10854255129709268,-0.09127495850546498],[0.12322182071685872,0.10426724189565081,0.10981241052960872],[0.14297046516315728,-0.104573735848634,0.11825941537092179],[0.14297046516315728,-0.104573735848634,0.11825941537092179],[0.12322182071685872,0.10426724189565081,0.10981241052960872],[-0.11237097565321359,0.08755317682032585,0.10484079577439508],[-0.11842917478555352,-0.07031057404933322,0.10170846844179016],[-0.11842917478555352,-0.07031057404933322,0.10170846844179016],[-0.11237097565321359,0.08755317682032585,0.10484079577439508],[-0.12615022329853876,0.09363323070405913,-0.10917996661760171],[-0.10133920228381814,-0.09690815191890939,-0.09428733968396782]],"normals":[[0,-1,0],[0,-1,0],[0,-1,0],[0,-1,0],[0,1,0],[0,1,0],[0,1,0],[0,1,0],[-1,0,0],[-1,0,0],[-1,0,0],[-1,0,0],[1,0,0],[1,0,0],[1,0,0],[1,0,0],[0,0,1],[0,0,1],[0,0,1],[0,0,1],[0,0,-1],[0,0,-1],[0,0,-1],[0,0,-1]],"uvs":[[0.0,0.5],[0.25,0.5],[0.5,0.5],[0.75,0.5],[1.0,0.5],[1.75,0.5],[1.5,0.5],[1.25,0.5],[0.0,0.5],[1.0,0.5],[1.25,0.5],[0.25,0.5],[0.25,0.5],[1.25,0.5],[1.5,0.5],[0.5,0.5],[0.5,0.5],[1.5,0.5],[1.75,0.5],[0.75,0.5],[0.75,0.5],[1.75,0.5],[1.0,0.5],[0.0,0.5]],"indices":[0,1,2,0,2,3,4,5,6,4,6,7,8,9,10,8,10,11,12,13,14,12,14,15,16,17,18,16,18,19,20,21,22,20,22,23],"aabb":[-0.175,-0.14,-0.16,0.175,0.14,0.16],"material":{"diffuse":[0.55,0.55,0.58],"roughness":0.55,"metallic":0.1}}