{"version":1,"vertices":[[-0.17,0.0,-0.19],[0.17,0.0,-0.19],[0.17,0.0,0.19],[-0.17,0.0,0.19],[-0.17,0.32,-0.19],[0.17,0.32,-0.19],[0.17,0.32,0.19],[-0.17,0.32,0.19],[-0.21000000000000002,0.32,-0.23],[0.21000000000000002,0.32,-0.23],[0.21000000000000002,0.32,0.23],[-0.21000000000000002,0.32,0.23],[0.0,0.52,0.0]],"normals":[[0.3333333333333333,-0.6666666666666666,0.6666666666666666],[-0.8164965809277261,-0.4082482904638631,0.4082482904638631],[-0.3333333333333333,-0.6666666666666666,-0.6666666666666666],[0.8164965809277261,-0.4082482904638631,-0.4082482904638631],[0.5345224838248488,0.8017837257372732,0.2672612419124244],[-0.2672612419124244,0.8017837257372732,0.5345224838248488],[-0.5345224838248488,0.8017837257372732,-0.2672612419124244],[0.2672612419124244,0.8017837257372732,-0.5345224838248488],[0.3843049633529782,0.8477083401303774,0.365650468638653],[-0.3843049633529782,0.8477083401303774,0.365650468638653],[-0.3843049633529782,0.8477083401303774,-0.365650468638653],[0.3843049633529782,0.8477083401303774,-0.365650468638653],[0.0,-1.0,0.0]],"uvs":[[0.32999999999999996,0.31],[0.67,0.31],[0.67,0.69],[0.32999999999999996,0.69],[0.32999999999999996,0.31],[0.67,0.31],[0.67,0.69],[0.32999999999999996,0.69],[0.29,0.27],[0.71,0.27],[0.71,0.73],[0.29,0.73],[0.5,0.5]],"indices":[0,1,2,0,2,3,0,1,5,0,5,4,1,2,6,1,6,5,2,3,7,2,7,6,3,0,4,3,4,7,8,9,12,9,10,12,10,11,12,11,8,12,4,5,9,4,9,8,5,6,10,5,10,9,6,7,11,6,11,10,7,4,8,7,8,11],"aabb":[-0.21000000000000002,0.0,-0.23,0.21000000000000002,0.52,0.23],"material":{"diffuse":[0.42,0.45,0.5],"roughness":0.7,"metallic":0.08}}