{"version":1,"vertices":[[-0.15,0,-0.175],[0.15,0,-0.175],[0.15,0,0.175],[-0.15,0,0.175],[-0.15,0.28,-0.175],[0.15,0.28,-0.175],[0.15,0.28,0.175],[-0.15,0.28,0.175],[-0.15,0.28,-0.175],[0.15,0.28,-0.175],[0.15,0.28,0.175],[-0.15,0.28,0.175],[0,0.43000000000000005,-0.175],[0,0.43000000000000005,0.175]],"normals":[[0.0,1.0,0.0],[0.0,1.0,0.0],[0.0,1.0,0.0],[0.0,1.0,0.0],[0.0,1.0,0.0],[0.0,1.0,0.0],[0.0,1.0,0.0],[0.0,1.0,0.0],[0.0,1.0,0.0],[0.0,1.0,0.0],[0.0,1.0,0.0],[0.0,1.0,0.0],[0.0,1.0,0.0],[0.0,1.0,0.0]],"uvs":[[0.0,0.0],[0.0,0.0],[0.0,0.0],[0.0,0.0],[0.0,0.0],[0.0,0.0],[0.0,0.0],[0.0,0.0],[0.0,0.0],[0.0,0.0],[0.0,0.0],[0.0,0.0],[0.0,0.0],[0.0,0.0]],"indices":[0,1,2,0,2,3,4,6,5,4,7,6,0,5,1,0,4,5,1,6,2,1,5,6,2,7,3,2,6,7,3,4,0,3,7,4,8,9,12,10,11,13,11,8,12,13,11,12,9,10,13,12,9,13],"aabb":[-0.15,0,-0.175,0.15,0.43000000000000005,0.175]}