{"version":1,"vertices":[[-0.15,0.0,-0.1],[0.15,0.0,-0.1],[0.15,0.35,-0.1],[-0.15,0.35,-0.1],[-0.15,0.0,0.1],[0.15,0.0,0.1],[0.15,0.35,0.1],[-0.15,0.35,0.1],[-0.08,0.35,-0.08],[0.08,0.35,-0.08],[0.08,0.55,-0.08],[-0.08,0.55,-0.08],[-0.08,0.35,0.08],[0.08,0.35,0.08],[0.08,0.55,0.08],[-0.08,0.55,0.08],[-0.25,0.05,-0.06],[-0.15,0.05,-0.06],[-0.15,0.3,-0.06],[-0.25,0.3,-0.06],[-0.25,0.05,0.06],[-0.15,0.05,0.06],[-0.15,0.3,0.06],[-0.25,0.3,0.06],[0.15,0.05,-0.06],[0.25,0.05,-0.06],[0.25,0.3,-0.06],[0.15,0.3,-0.06],[0.15,0.05,0.06],[0.25,0.05,0.06],[0.25,0.3,0.06],[0.15,0.3,0.06],[-0.1,-0.35,-0.06],[-0.05,-0.35,-0.06],[-0.05,0.0,-0.06],[-0.1,0.0,-0.06],[-0.1,-0.35,0.06],[-0.05,-0.35,0.06],[-0.05,0.0,0.06],[-0.1,0.0,0.06],[0.05,-0.35,-0.06],[0.1,-0.35,-0.06],[0.1,0.0,-0.06],[0.05,0.0,-0.06],[0.05,-0.35,0.06],[0.1,-0.35,0.06],[0.1,0.0,0.06],[0.05,0.0,0.06]],"normals":[[0.4082482904638631,0.4082482904638631,0.8164965809277261],[-0.6666666666666666,0.6666666666666666,0.3333333333333333],[-0.4082482904638631,-0.4082482904638631,0.8164965809277261],[0.6666666666666666,-0.6666666666666666,0.3333333333333333],[0.6666666666666666,0.6666666666666666,-0.3333333333333333],[-0.4082482904638631,0.4082482904638631,-0.8164965809277261],[-0.6666666666666666,-0.6666666666666666,-0.3333333333333333],[0.4082482904638631,-0.4082482904638631,-0.8164965809277261],[0.4082482904638631,0.4082482904638631,0.8164965809277261],[-0.6666666666666666,0.6666666666666666,0.3333333333333333],[-0.4082482904638631,-0.4082482904638631,0.8164965809277261],[0.6666666666666666,-0.6666666666666666,0.3333333333333333],[0.6666666666666666,0.6666666666666666,-0.3333333333333333],[-0.4082482904638631,0.4082482904638631,-0.8164965809277261],[-0.6666666666666666,-0.6666666666666666,-0.3333333333333333],[0.4082482904638631,-0.4082482904638631,-0.8164965809277261],[0.4082482904638631,0.4082482904638631,0.8164965809277261],[-0.6666666666666666,0.6666666666666666,0.3333333333333333],[-0.4082482904638631,-0.4082482904638631,0.8164965809277261],[0.6666666666666666,-0.6666666666666666,0.3333333333333333],[0.6666666666666666,0.6666666666666666,-0.3333333333333333],[-0.4082482904638631,0.4082482904638631,-0.8164965809277261],[-0.6666666666666666,-0.6666666666666666,-0.3333333333333333],[0.4082482904638631,-0.4082482904638631,-0.8164965809277261],[0.4082482904638631,0.4082482904638631,0.8164965809277261],[-0.6666666666666666,0.6666666666666666,0.3333333333333333],[-0.4082482904638631,-0.4082482904638631,0.8164965809277261],[0.6666666666666666,-0.6666666666666666,0.3333333333333333],[0.6666666666666666,0.6666666666666666,-0.3333333333333333],[-0.4082482904638631,0.4082482904638631,-0.8164965809277261],[-0.6666666666666666,-0.6666666666666666,-0.3333333333333333],[0.4082482904638631,-0.4082482904638631,-0.8164965809277261],[0.4082482904638631,0.4082482904638631,0.8164965809277261],[-0.6666666666666666,0.6666666666666666,0.3333333333333333],[-0.4082482904638631,-0.4082482904638631,0.8164965809277261],[0.6666666666666666,-0.6666666666666666,0.3333333333333333],[0.6666666666666666,0.6666666666666666,-0.3333333333333333],[-0.4082482904638631,0.4082482904638631,-0.8164965809277261],[-0.6666666666666666,-0.6666666666666666,-0.3333333333333333],[0.4082482904638631,-0.4082482904638631,-0.8164965809277261],[0.4082482904638631,0.4082482904638631,0.8164965809277261],[-0.6666666666666666,0.6666666666666666,0.3333333333333333],[-0.4082482904638631,-0.4082482904638631,0.8164965809277261],[0.6666666666666666,-0.6666666666666666,0.3333333333333333],[0.6666666666666666,0.6666666666666666,-0.3333333333333333],[-0.4082482904638631,0.4082482904638631,-0.8164965809277261],[-0.6666666666666666,-0.6666666666666666,-0.3333333333333333],[0.4082482904638631,-0.4082482904638631,-0.8164965809277261]],"uvs":[[0.15641647909450052,0.6612063368033418],[0.8435835209054995,0.6612063368033418],[0.8435835209054995,0.19886533285948382],[0.15641647909450052,0.19886533285948382],[0.3435835209054994,0.6612063368033418],[0.6564164790945006,0.6612063368033418],[0.6564164790945006,0.19886533285948382],[0.3435835209054994,0.19886533285948382],[0.125,0.13527250424456455],[0.875,0.13527250424456455],[0.875,0.07840312577689018],[0.125,0.07840312577689018],[0.375,0.13527250424456455],[0.625,0.13527250424456455],[0.625,0.07840312577689018],[0.375,0.07840312577689018],[0.21251185199778938,0.5611409088840599],[0.18944052920457832,0.5955382779933496],[0.18944052920457832,0.21628000644156986],[0.21251185199778938,0.2895572334180977],[0.28748814800221056,0.5611409088840599],[0.3105594707954217,0.5955382779933496],[0.3105594707954217,0.21628000644156986],[0.28748814800221056,0.2895572334180977],[0.8105594707954217,0.5955382779933496],[0.7874881480022107,0.5611409088840599],[0.7874881480022107,0.2895572334180977],[0.8105594707954217,0.21628000644156986],[0.6894405292045783,0.5955382779933496],[0.7125118519977894,0.5611409088840599],[0.7125118519977894,0.2895572334180977],[0.6894405292045783,0.21628000644156986],[0.16398956518868468,0.9192845967118907],[0.11057103081184771,0.9452987048956258],[0.11057103081184771,0.7889404167268278],[0.16398956518868468,0.7256269732004264],[0.3360104348113153,0.9192845967118907],[0.38942896918815223,0.9452987048956258],[0.38942896918815223,0.7889404167268278],[0.3360104348113153,0.7256269732004264],[0.8894289691881523,0.9452987048956258],[0.8360104348113153,0.9192845967118907],[0.8360104348113153,0.7256269732004264],[0.8894289691881523,0.7889404167268278],[0.6105710308118477,0.9452987048956258],[0.6639895651886847,0.9192845967118907],[0.6639895651886847,0.7256269732004264],[0.6105710308118477,0.7889404167268278]],"indices":[0,1,2,0,2,3,5,4,7,5,7,6,4,0,3,4,3,7,1,5,6,1,6,2,3,2,6,3,6,7,4,5,1,4,1,0,8,9,10,8,10,11,13,12,15,13,15,14,12,8,11,12,11,15,9,13,14,9,14,10,11,10,14,11,14,15,12,13,9,12,9,8,16,17,18,16,18,19,21,20,23,21,23,22,20,16,19,20,19,23,17,21,22,17,22,18,19,18,22,19,22,23,20,21,17,20,17,16,24,25,26,24,26,27,29,28,31,29,31,30,28,24,27,28,27,31,25,29,30,25,30,26,27,26,30,27,30,31,28,29,25,28,25,24,32,33,34,32,34,35,37,36,39,37,39,38,36,32,35,36,35,39,33,37,38,33,38,34,35,34,38,35,38,39,36,37,33,36,33,32,40,41,42,40,42,43,45,44,47,45,47,46,44,40,43,44,43,47,41,45,46,41,46,42,43,42,46,43,46,47,44,45,41,44,41,40],"aabb":[-0.25,-0.35,-0.1,0.25,0.55,0.1],"material":{"diffuse":[0.35,0.45,0.65],"roughness":0.75,"metallic":0.1}}